journalctl -b -o short-unix | awk 'BEGIN {limit=20} {if (!start) start=$1; if ($1 - start <= limit) print; else exit}'
1773304052.427268 localhost kernel: Linux version 6.8.0-55-generic (buildd@lcy02-amd64-095) (x86_64-linux-gnu-gcc-13 (Ubuntu 13.3.0-6ubuntu2~24.04) 13.3.0, GNU ld (GNU Binutils for Ubuntu) 2.42) #57-Ubuntu SMP PREEMPT_DYNAMIC Wed Feb 12 23:42:21 UTC 2025 (Ubuntu 6.8.0-55.57-generic 6.8.12)
1773304052.427294 localhost kernel: Command line: BOOT_IMAGE=/vmlinuz-6.8.0-55-generic root=/dev/mapper/ubuntu--vg-ubuntu--lv ro
1773304052.427304 localhost kernel: KERNEL supported cpus:
1773304052.427310 localhost kernel:   Intel GenuineIntel
1773304052.427317 localhost kernel:   AMD AuthenticAMD
1773304052.427329 localhost kernel:   Hygon HygonGenuine
1773304052.427338 localhost kernel:   Centaur CentaurHauls
1773304052.427347 localhost kernel:   zhaoxin   Shanghai  
1773304052.427354 localhost kernel: BIOS-provided physical RAM map:
1773304052.427362 localhost kernel: BIOS-e820: [mem 0x0000000000000000-0x000000000009fbff] usable
1773304052.427371 localhost kernel: BIOS-e820: [mem 0x000000000009fc00-0x000000000009ffff] reserved
1773304052.427379 localhost kernel: BIOS-e820: [mem 0x00000000000f0000-0x00000000000fffff] reserved
1773304052.427386 localhost kernel: BIOS-e820: [mem 0x0000000000100000-0x00000000bffd9fff] usable
1773304052.427395 localhost kernel: BIOS-e820: [mem 0x00000000bffda000-0x00000000bfffffff] reserved
1773304052.427404 localhost kernel: BIOS-e820: [mem 0x00000000feffc000-0x00000000feffffff] reserved
1773304052.427415 localhost kernel: BIOS-e820: [mem 0x00000000fffc0000-0x00000000ffffffff] reserved
1773304052.427423 localhost kernel: BIOS-e820: [mem 0x0000000100000000-0x000000013fffffff] usable
1773304052.427431 localhost kernel: BIOS-e820: [mem 0x000000fd00000000-0x000000ffffffffff] reserved
1773304052.427440 localhost kernel: NX (Execute Disable) protection: active
1773304052.427448 localhost kernel: APIC: Static calls initialized
1773304052.427456 localhost kernel: SMBIOS 2.8 present.
1773304052.427463 localhost kernel: DMI: QEMU Standard PC (i440FX + PIIX, 1996), BIOS rel-1.17.0-0-gb52ca86e094d-prebuilt.qemu.org 04/01/2014
1773304052.427471 localhost kernel: Hypervisor detected: KVM
1773304052.427479 localhost kernel: kvm-clock: Using msrs 4b564d01 and 4b564d00
1773304052.427488 localhost kernel: kvm-clock: using sched offset of 1151414871901 cycles
1773304052.427496 localhost kernel: clocksource: kvm-clock: mask: 0xffffffffffffffff max_cycles: 0x1cd42e4dffb, max_idle_ns: 881590591483 ns
1773304052.427503 localhost kernel: tsc: Detected 3400.000 MHz processor
1773304052.427512 localhost kernel: e820: update [mem 0x00000000-0x00000fff] usable ==> reserved
1773304052.427520 localhost kernel: e820: remove [mem 0x000a0000-0x000fffff] usable
1773304052.427531 localhost kernel: AGP: No AGP bridge found
1773304052.427541 localhost kernel: last_pfn = 0x140000 max_arch_pfn = 0x400000000
1773304052.427550 localhost kernel: MTRR map: 4 entries (3 fixed + 1 variable; max 19), built from 8 variable MTRRs
1773304052.427559 localhost kernel: x86/PAT: Configuration [0-7]: WB  WC  UC- UC  WB  WP  UC- WT  
1773304052.427567 localhost kernel: last_pfn = 0xbffda max_arch_pfn = 0x400000000
1773304052.427575 localhost kernel: found SMP MP-table at [mem 0x000f5490-0x000f549f]
1773304052.427583 localhost kernel: RAMDISK: [mem 0x2fccd000-0x33e5dfff]
1773304052.427591 localhost kernel: ACPI: Early table checksum verification disabled
1773304052.427599 localhost kernel: ACPI: RSDP 0x00000000000F5290 000014 (v00 BOCHS )
1773304052.427607 localhost kernel: ACPI: RSDT 0x00000000BFFE3B5F 000034 (v01 BOCHS  BXPC     00000001 BXPC 00000001)
1773304052.427616 localhost kernel: ACPI: FACP 0x00000000BFFE3979 000074 (v01 BOCHS  BXPC     00000001 BXPC 00000001)
1773304052.427629 localhost kernel: ACPI: DSDT 0x00000000BFFDF040 004939 (v01 BOCHS  BXPC     00000001 BXPC 00000001)
1773304052.427637 localhost kernel: ACPI: FACS 0x00000000BFFDF000 000040
1773304052.427645 localhost kernel: ACPI: APIC 0x00000000BFFE39ED 000080 (v03 BOCHS  BXPC     00000001 BXPC 00000001)
1773304052.427654 localhost kernel: ACPI: SSDT 0x00000000BFFE3A6D 0000CA (v01 BOCHS  VMGENID  00000001 BXPC 00000001)
1773304052.427664 localhost kernel: ACPI: WAET 0x00000000BFFE3B37 000028 (v01 BOCHS  BXPC     00000001 BXPC 00000001)
1773304052.427673 localhost kernel: ACPI: Reserving FACP table memory at [mem 0xbffe3979-0xbffe39ec]
1773304052.427682 localhost kernel: ACPI: Reserving DSDT table memory at [mem 0xbffdf040-0xbffe3978]
1773304052.427691 localhost kernel: ACPI: Reserving FACS table memory at [mem 0xbffdf000-0xbffdf03f]
1773304052.427699 localhost kernel: ACPI: Reserving APIC table memory at [mem 0xbffe39ed-0xbffe3a6c]
1773304052.427707 localhost kernel: ACPI: Reserving SSDT table memory at [mem 0xbffe3a6d-0xbffe3b36]
1773304052.427716 localhost kernel: ACPI: Reserving WAET table memory at [mem 0xbffe3b37-0xbffe3b5e]
1773304052.427724 localhost kernel: No NUMA configuration found
1773304052.427731 localhost kernel: Faking a node at [mem 0x0000000000000000-0x000000013fffffff]
1773304052.427740 localhost kernel: NODE_DATA(0) allocated [mem 0x13ffd2000-0x13fffcfff]
1773304052.427748 localhost kernel: Zone ranges:
1773304052.427756 localhost kernel:   DMA      [mem 0x0000000000001000-0x0000000000ffffff]
1773304052.427767 localhost kernel:   DMA32    [mem 0x0000000001000000-0x00000000ffffffff]
1773304052.437582 localhost kernel:   Normal   [mem 0x0000000100000000-0x000000013fffffff]
1773304052.437639 localhost kernel:   Device   empty
1773304052.437651 localhost kernel: Movable zone start for each node
1773304052.437659 localhost kernel: Early memory node ranges
1773304052.437668 localhost kernel:   node   0: [mem 0x0000000000001000-0x000000000009efff]
1773304052.437676 localhost kernel:   node   0: [mem 0x0000000000100000-0x00000000bffd9fff]
1773304052.437683 localhost kernel:   node   0: [mem 0x0000000100000000-0x000000013fffffff]
1773304052.437691 localhost kernel: Initmem setup node 0 [mem 0x0000000000001000-0x000000013fffffff]
1773304052.437699 localhost kernel: On node 0, zone DMA: 1 pages in unavailable ranges
1773304052.437706 localhost kernel: On node 0, zone DMA: 97 pages in unavailable ranges
1773304052.437713 localhost kernel: On node 0, zone Normal: 38 pages in unavailable ranges
1773304052.437730 localhost kernel: ACPI: PM-Timer IO Port: 0x608
1773304052.437738 localhost kernel: ACPI: LAPIC_NMI (acpi_id[0xff] dfl dfl lint[0x1])
1773304052.437745 localhost kernel: IOAPIC[0]: apic_id 0, version 17, address 0xfec00000, GSI 0-23
1773304052.437758 localhost kernel: ACPI: INT_SRC_OVR (bus 0 bus_irq 0 global_irq 2 dfl dfl)
1773304052.437765 localhost kernel: ACPI: INT_SRC_OVR (bus 0 bus_irq 5 global_irq 5 high level)
1773304052.437772 localhost kernel: ACPI: INT_SRC_OVR (bus 0 bus_irq 9 global_irq 9 high level)
1773304052.437790 localhost kernel: ACPI: INT_SRC_OVR (bus 0 bus_irq 10 global_irq 10 high level)
1773304052.437796 localhost kernel: ACPI: INT_SRC_OVR (bus 0 bus_irq 11 global_irq 11 high level)
1773304052.437803 localhost kernel: ACPI: Using ACPI (MADT) for SMP configuration information
1773304052.437810 localhost kernel: smpboot: Allowing 2 CPUs, 0 hotplug CPUs
1773304052.437816 localhost kernel: kvm-guest: APIC: eoi() replaced with kvm_guest_apic_eoi_write()
1773304052.437823 localhost kernel: PM: hibernation: Registered nosave memory: [mem 0x00000000-0x00000fff]
1773304052.437833 localhost kernel: PM: hibernation: Registered nosave memory: [mem 0x0009f000-0x0009ffff]
1773304052.437840 localhost kernel: PM: hibernation: Registered nosave memory: [mem 0x000a0000-0x000effff]
1773304052.437847 localhost kernel: PM: hibernation: Registered nosave memory: [mem 0x000f0000-0x000fffff]
1773304052.437853 localhost kernel: PM: hibernation: Registered nosave memory: [mem 0xbffda000-0xbfffffff]
1773304052.437860 localhost kernel: PM: hibernation: Registered nosave memory: [mem 0xc0000000-0xfeffbfff]
1773304052.437868 localhost kernel: PM: hibernation: Registered nosave memory: [mem 0xfeffc000-0xfeffffff]
1773304052.437875 localhost kernel: PM: hibernation: Registered nosave memory: [mem 0xff000000-0xfffbffff]
1773304052.437882 localhost kernel: PM: hibernation: Registered nosave memory: [mem 0xfffc0000-0xffffffff]
1773304052.437889 localhost kernel: [mem 0xc0000000-0xfeffbfff] available for PCI devices
1773304052.437907 localhost kernel: Booting paravirtualized kernel on KVM
1773304052.437914 localhost kernel: clocksource: refined-jiffies: mask: 0xffffffff max_cycles: 0xffffffff, max_idle_ns: 1910969940391419 ns
1773304052.437937 localhost kernel: setup_percpu: NR_CPUS:8192 nr_cpumask_bits:2 nr_cpu_ids:2 nr_node_ids:1
1773304052.437948 localhost kernel: percpu: Embedded 86 pages/cpu s229376 r8192 d114688 u1048576
1773304052.437956 localhost kernel: pcpu-alloc: s229376 r8192 d114688 u1048576 alloc=1*2097152
1773304052.437964 localhost kernel: pcpu-alloc: [0] 0 1 
1773304052.437973 localhost kernel: kvm-guest: PV spinlocks enabled
1773304052.437982 localhost kernel: PV qspinlock hash table entries: 256 (order: 0, 4096 bytes, linear)
1773304052.437990 localhost kernel: Kernel command line: BOOT_IMAGE=/vmlinuz-6.8.0-55-generic root=/dev/mapper/ubuntu--vg-ubuntu--lv ro
1773304052.437999 localhost kernel: Unknown kernel command line parameters "BOOT_IMAGE=/vmlinuz-6.8.0-55-generic", will be passed to user space.
1773304052.438008 localhost kernel: Dentry cache hash table entries: 524288 (order: 10, 4194304 bytes, linear)
1773304052.438016 localhost kernel: Inode-cache hash table entries: 262144 (order: 9, 2097152 bytes, linear)
1773304052.438026 localhost kernel: Fallback order for Node 0: 0 
1773304052.438035 localhost kernel: Built 1 zonelists, mobility grouping on.  Total pages: 1031898
1773304052.438046 localhost kernel: Policy zone: Normal
1773304052.438055 localhost kernel: mem auto-init: stack:all(zero), heap alloc:on, heap free:off
1773304052.438064 localhost kernel: AGP: Checking aperture...
1773304052.438072 localhost kernel: AGP: No AGP bridge found
1773304052.438081 localhost kernel: software IO TLB: area num 2.
1773304052.438090 localhost kernel: Memory: 3933488K/4193760K available (22528K kernel code, 4443K rwdata, 14344K rodata, 4988K init, 4716K bss, 260012K reserved, 0K cma-reserved)
1773304052.438099 localhost kernel: SLUB: HWalign=64, Order=0-3, MinObjects=0, CPUs=2, Nodes=1
1773304052.438108 localhost kernel: ftrace: allocating 58006 entries in 227 pages
1773304052.438116 localhost kernel: ftrace: allocated 227 pages with 5 groups
1773304052.438125 localhost kernel: Dynamic Preempt: voluntary
1773304052.438137 localhost kernel: rcu: Preemptible hierarchical RCU implementation.
1773304052.438146 localhost kernel: rcu:         RCU restricting CPUs from NR_CPUS=8192 to nr_cpu_ids=2.
1773304052.438159 localhost kernel:         Trampoline variant of Tasks RCU enabled.
1773304052.438167 localhost kernel:         Rude variant of Tasks RCU enabled.
1773304052.438176 localhost kernel:         Tracing variant of Tasks RCU enabled.
1773304052.438188 localhost kernel: rcu: RCU calculated value of scheduler-enlistment delay is 100 jiffies.
1773304052.438199 localhost kernel: rcu: Adjusting geometry for rcu_fanout_leaf=16, nr_cpu_ids=2
1773304052.438208 localhost kernel: NR_IRQS: 524544, nr_irqs: 440, preallocated irqs: 16
1773304052.438217 localhost kernel: rcu: srcu_init: Setting srcu_struct sizes based on contention.
1773304052.438225 localhost kernel: Console: colour dummy device 80x25
1773304052.438235 localhost kernel: printk: legacy console [tty0] enabled
1773304052.438243 localhost kernel: ACPI: Core revision 20230628
1773304052.438252 localhost kernel: APIC: Switch to symmetric I/O mode setup
1773304052.438262 localhost kernel: x2apic enabled
1773304052.438271 localhost kernel: APIC: Switched APIC routing to: physical x2apic
1773304052.438280 localhost kernel: ..TIMER: vector=0x30 apic1=0 pin1=2 apic2=-1 pin2=-1
1773304052.438289 localhost kernel: tsc: Marking TSC unstable due to TSCs unsynchronized
1773304052.438296 localhost kernel: Calibrating delay loop (skipped) preset value.. 6800.00 BogoMIPS (lpj=3400000)
1773304052.438306 localhost kernel: process: using AMD E400 aware idle routine
1773304052.438314 localhost kernel: Last level iTLB entries: 4KB 512, 2MB 255, 4MB 127
1773304052.438322 localhost kernel: Last level dTLB entries: 4KB 512, 2MB 255, 4MB 127, 1GB 0
1773304052.438333 localhost kernel: Spectre V1 : Mitigation: usercopy/swapgs barriers and __user pointer sanitization
1773304052.438341 localhost kernel: Spectre V2 : Mitigation: Retpolines
1773304052.438350 localhost kernel: Spectre V2 : Spectre v2 / SpectreRSB mitigation: Filling RSB on context switch
1773304052.438361 localhost kernel: Spectre V2 : Spectre v2 / SpectreRSB : Filling RSB on VMEXIT
1773304052.438369 localhost kernel: x86/fpu: x87 FPU will use FXSAVE
1773304052.438378 localhost kernel: Freeing SMP alternatives memory: 48K
1773304052.438387 localhost kernel: pid_max: default: 32768 minimum: 301
1773304052.438395 localhost kernel: LSM: initializing lsm=lockdown,capability,landlock,yama,apparmor,integrity
1773304052.438405 localhost kernel: landlock: Up and running.
1773304052.438413 localhost kernel: Yama: becoming mindful.
1773304052.438422 localhost kernel: AppArmor: AppArmor initialized
1773304052.438431 localhost kernel: Mount-cache hash table entries: 8192 (order: 4, 65536 bytes, linear)
1773304052.438439 localhost kernel: Mountpoint-cache hash table entries: 8192 (order: 4, 65536 bytes, linear)
1773304052.438448 localhost kernel: smpboot: CPU0: AMD QEMU Virtual CPU version 2.5+ (family: 0xf, model: 0x6b, stepping: 0x1)
1773304052.438460 localhost kernel: RCU Tasks: Setting shift to 1 and lim to 1 rcu_task_cb_adjust=1 rcu_task_cpu_ids=2.
1773304052.438469 localhost kernel: RCU Tasks Rude: Setting shift to 1 and lim to 1 rcu_task_cb_adjust=1 rcu_task_cpu_ids=2.
1773304052.438478 localhost kernel: RCU Tasks Trace: Setting shift to 1 and lim to 1 rcu_task_cb_adjust=1 rcu_task_cpu_ids=2.
1773304052.438486 localhost kernel: Performance Events: AMD PMU driver.
1773304052.438494 localhost kernel: ... version:                0
1773304052.438502 localhost kernel: ... bit width:              48
1773304052.438511 localhost kernel: ... generic registers:      4
1773304052.438520 localhost kernel: ... value mask:             0000ffffffffffff
1773304052.438529 localhost kernel: ... max period:             00007fffffffffff
1773304052.438537 localhost kernel: ... fixed-purpose events:   0
1773304052.438545 localhost kernel: ... event mask:             000000000000000f
1773304052.438554 localhost kernel: signal: max sigframe size: 1440
1773304052.438562 localhost kernel: rcu: Hierarchical SRCU implementation.
1773304052.438571 localhost kernel: rcu:         Max phase no-delay instances is 400.
1773304052.438580 localhost kernel: smp: Bringing up secondary CPUs ...
1773304052.438588 localhost kernel: smpboot: x86: Booting SMP configuration:
1773304052.438599 localhost kernel: .... node  #0, CPUs:      #1
1773304052.438606 localhost kernel: smp: Brought up 1 node, 2 CPUs
1773304052.438613 localhost kernel: smpboot: Max logical packages: 1
1773304052.438624 localhost kernel: smpboot: Total of 2 processors activated (13600.00 BogoMIPS)
1773304052.438634 localhost kernel: devtmpfs: initialized
1773304052.438643 localhost kernel: x86/mm: Memory block size: 128MB
1773304052.438650 localhost kernel: clocksource: jiffies: mask: 0xffffffff max_cycles: 0xffffffff, max_idle_ns: 1911260446275000 ns
1773304052.438657 localhost kernel: futex hash table entries: 512 (order: 3, 32768 bytes, linear)
1773304052.438664 localhost kernel: pinctrl core: initialized pinctrl subsystem
1773304052.438671 localhost kernel: PM: RTC time: 08:27:12, date: 2026-03-12
1773304052.438678 localhost kernel: NET: Registered PF_NETLINK/PF_ROUTE protocol family
1773304052.438686 localhost kernel: DMA: preallocated 512 KiB GFP_KERNEL pool for atomic allocations
1773304052.438696 localhost kernel: DMA: preallocated 512 KiB GFP_KERNEL|GFP_DMA pool for atomic allocations
1773304052.438707 localhost kernel: DMA: preallocated 512 KiB GFP_KERNEL|GFP_DMA32 pool for atomic allocations
1773304052.438716 localhost kernel: audit: initializing netlink subsys (disabled)
1773304052.438726 localhost kernel: audit: type=2000 audit(1773304032.711:1): state=initialized audit_enabled=0 res=1
1773304052.438733 localhost kernel: thermal_sys: Registered thermal governor 'fair_share'
1773304052.438741 localhost kernel: thermal_sys: Registered thermal governor 'bang_bang'
1773304052.438748 localhost kernel: thermal_sys: Registered thermal governor 'step_wise'
1773304052.438755 localhost kernel: thermal_sys: Registered thermal governor 'user_space'
1773304052.438762 localhost kernel: thermal_sys: Registered thermal governor 'power_allocator'
1773304052.438769 localhost kernel: EISA bus registered
1773304052.442664 localhost kernel: cpuidle: using governor ladder
1773304052.442687 localhost kernel: cpuidle: using governor menu
1773304052.442696 localhost kernel: acpiphp: ACPI Hot Plug PCI Controller Driver version: 0.5
1773304052.443013 localhost kernel: PCI: Using configuration type 1 for base access
1773304052.443024 localhost kernel: kprobes: kprobe jump-optimization is enabled. All kprobes are optimized if possible.
1773304052.443033 localhost kernel: HugeTLB: registered 2.00 MiB page size, pre-allocated 0 pages
1773304052.443041 localhost kernel: HugeTLB: 28 KiB vmemmap can be freed for a 2.00 MiB page
1773304052.443048 localhost kernel: fbcon: Taking over console
1773304052.443055 localhost kernel: ACPI: Added _OSI(Module Device)
1773304052.443063 localhost kernel: ACPI: Added _OSI(Processor Device)
1773304052.443070 localhost kernel: ACPI: Added _OSI(3.0 _SCP Extensions)
1773304052.443084 localhost kernel: ACPI: Added _OSI(Processor Aggregator Device)
1773304052.443091 localhost kernel: ACPI: 2 ACPI AML tables successfully acquired and loaded
1773304052.443098 localhost kernel: ACPI: _OSC evaluation for CPUs failed, trying _PDC
1773304052.443105 localhost kernel: ACPI: Interpreter enabled
1773304052.443116 localhost kernel: ACPI: PM: (supports S0 S5)
1773304052.443124 localhost kernel: ACPI: Using IOAPIC for interrupt routing
1773304052.443131 localhost kernel: PCI: Using host bridge windows from ACPI; if necessary, use "pci=nocrs" and report a bug
1773304052.443144 localhost kernel: PCI: Using E820 reservations for host bridge windows
1773304052.443152 localhost kernel: ACPI: Enabled 3 GPEs in block 00 to 0F
1773304052.443159 localhost kernel: ACPI: PCI Root Bridge [PCI0] (domain 0000 [bus 00-ff])
1773304052.443360 localhost kernel: acpi PNP0A03:00: _OSC: OS supports [ASPM ClockPM Segments MSI EDR HPX-Type3]
1773304052.443448 localhost kernel: acpi PNP0A03:00: _OSC: not requesting OS control; OS requires [ExtendedConfig ASPM ClockPM MSI]
1773304052.443541 localhost kernel: acpi PNP0A03:00: fail to add MMCONFIG information, can't access extended configuration space under this bridge
1773304052.443559 localhost kernel: acpiphp: Slot [3] registered
1773304052.443567 localhost kernel: acpiphp: Slot [8] registered
1773304052.443574 localhost kernel: acpiphp: Slot [18] registered
1773304052.443583 localhost kernel: acpiphp: Slot [4] registered
1773304052.443592 localhost kernel: acpiphp: Slot [6] registered
1773304052.443599 localhost kernel: acpiphp: Slot [7] registered
1773304052.443606 localhost kernel: acpiphp: Slot [9] registered
1773304052.443612 localhost kernel: acpiphp: Slot [10] registered
1773304052.443619 localhost kernel: acpiphp: Slot [11] registered
1773304052.443626 localhost kernel: acpiphp: Slot [12] registered
1773304052.443632 localhost kernel: acpiphp: Slot [13] registered
1773304052.443638 localhost kernel: acpiphp: Slot [14] registered
1773304052.443647 localhost kernel: acpiphp: Slot [15] registered
1773304052.443654 localhost kernel: acpiphp: Slot [16] registered
1773304052.443660 localhost kernel: acpiphp: Slot [17] registered
1773304052.443667 localhost kernel: acpiphp: Slot [19] registered
1773304052.443673 localhost kernel: acpiphp: Slot [20] registered
1773304052.443680 localhost kernel: acpiphp: Slot [21] registered
1773304052.443687 localhost kernel: acpiphp: Slot [22] registered
1773304052.443693 localhost kernel: acpiphp: Slot [23] registered
1773304052.443700 localhost kernel: acpiphp: Slot [24] registered
1773304052.443706 localhost kernel: acpiphp: Slot [25] registered
1773304052.443713 localhost kernel: acpiphp: Slot [26] registered
1773304052.443719 localhost kernel: acpiphp: Slot [27] registered
1773304052.443726 localhost kernel: acpiphp: Slot [28] registered
1773304052.443736 localhost kernel: acpiphp: Slot [29] registered
1773304052.443743 localhost kernel: PCI host bridge to bus 0000:00
1773304052.443831 localhost kernel: pci_bus 0000:00: root bus resource [io  0x0000-0x0cf7 window]
1773304052.443905 localhost kernel: pci_bus 0000:00: root bus resource [io  0x0d00-0xffff window]
1773304052.443967 localhost kernel: pci_bus 0000:00: root bus resource [mem 0x000a0000-0x000bffff window]
1773304052.444033 localhost kernel: pci_bus 0000:00: root bus resource [mem 0xc0000000-0xfebfffff window]
1773304052.444109 localhost kernel: pci_bus 0000:00: root bus resource [mem 0xc000000000-0xc0a000bfff window]
1773304052.444188 localhost kernel: pci_bus 0000:00: root bus resource [bus 00-ff]
1773304052.452031 localhost kernel: pci 0000:00:00.0: [8086:1237] type 00 class 0x060000 conventional PCI endpoint
1773304052.452226 localhost kernel: pci 0000:00:01.0: [8086:7000] type 00 class 0x060100 conventional PCI endpoint
1773304052.452394 localhost kernel: pci 0000:00:01.1: [8086:7010] type 00 class 0x010180 conventional PCI endpoint
1773304052.462721 localhost kernel: pci 0000:00:01.1: BAR 4 [io  0xf0e0-0xf0ef]
1773304052.466181 localhost kernel: pci 0000:00:01.1: BAR 0 [io  0x01f0-0x01f7]: legacy IDE quirk
1773304052.466354 localhost kernel: pci 0000:00:01.1: BAR 1 [io  0x03f6]: legacy IDE quirk
1773304052.466503 localhost kernel: pci 0000:00:01.1: BAR 2 [io  0x0170-0x0177]: legacy IDE quirk
1773304052.466651 localhost kernel: pci 0000:00:01.1: BAR 3 [io  0x0376]: legacy IDE quirk
1773304052.466815 localhost kernel: pci 0000:00:01.2: [8086:7020] type 00 class 0x0c0300 conventional PCI endpoint
1773304052.466989 localhost kernel: pci 0000:00:01.2: BAR 4 [io  0xf0c0-0xf0df]
1773304052.467153 localhost kernel: pci 0000:00:01.3: [8086:7113] type 00 class 0x068000 conventional PCI endpoint
1773304052.467300 localhost kernel: pci 0000:00:01.3: quirk: [io  0x0600-0x063f] claimed by PIIX4 ACPI
1773304052.467447 localhost kernel: pci 0000:00:01.3: quirk: [io  0x0700-0x070f] claimed by PIIX4 SMB
1773304052.467600 localhost kernel: pci 0000:00:02.0: [1234:1111] type 00 class 0x030000 conventional PCI endpoint
1773304052.467748 localhost kernel: pci 0000:00:02.0: BAR 0 [mem 0xfd000000-0xfdffffff pref]
1773304052.483333 localhost kernel: pci 0000:00:02.0: BAR 2 [mem 0xfea50000-0xfea50fff]
1773304052.483513 localhost kernel: pci 0000:00:02.0: ROM [mem 0xfea40000-0xfea4ffff pref]
1773304052.495058 localhost kernel: pci 0000:00:02.0: Video device with shadowed ROM at [mem 0x000c0000-0x000dffff]
1773304052.495200 localhost kernel: pci 0000:00:03.0: [1af4:1002] type 00 class 0x00ff00 conventional PCI endpoint
1773304052.495283 localhost kernel: pci 0000:00:03.0: BAR 0 [io  0xf000-0xf03f]
1773304052.495362 localhost kernel: pci 0000:00:03.0: BAR 1 [mem 0xfea51000-0xfea51fff]
1773304052.495441 localhost kernel: pci 0000:00:03.0: BAR 4 [mem 0xc0a0000000-0xc0a0003fff 64bit pref]
1773304052.495523 localhost kernel: pci 0000:00:05.0: [1b36:0001] type 01 class 0x060400 conventional PCI bridge
1773304052.495603 localhost kernel: pci 0000:00:05.0: BAR 0 [mem 0xc000000000-0xc0000000ff 64bit]
1773304052.495678 localhost kernel: pci 0000:00:05.0: PCI bridge to [bus 01]
1773304052.495753 localhost kernel: pci 0000:00:05.0:   bridge window [io  0xe000-0xefff]
1773304052.495843 localhost kernel: pci 0000:00:05.0:   bridge window [mem 0xfe800000-0xfe9fffff]
1773304052.496008 localhost kernel: pci 0000:00:05.0:   bridge window [mem 0xc080000000-0xc09fffffff 64bit pref]
1773304052.496153 localhost kernel: pci 0000:00:08.0: [1af4:1003] type 00 class 0x078000 conventional PCI endpoint
1773304052.496235 localhost kernel: pci 0000:00:08.0: BAR 0 [io  0xf040-0xf07f]
1773304052.496315 localhost kernel: pci 0000:00:08.0: BAR 1 [mem 0xfea52000-0xfea52fff]
1773304052.496393 localhost kernel: pci 0000:00:08.0: BAR 4 [mem 0xc0a0004000-0xc0a0007fff 64bit pref]
1773304052.496552 localhost kernel: pci 0000:00:12.0: [1af4:1000] type 00 class 0x020000 conventional PCI endpoint
1773304052.496631 localhost kernel: pci 0000:00:12.0: BAR 0 [io  0xf080-0xf0bf]
1773304052.496710 localhost kernel: pci 0000:00:12.0: BAR 1 [mem 0xfea53000-0xfea53fff]
1773304052.513050 localhost kernel: pci 0000:00:12.0: BAR 4 [mem 0xc0a0008000-0xc0a000bfff 64bit pref]
1773304052.513236 localhost kernel: pci 0000:00:12.0: ROM [mem 0xfea00000-0xfea3ffff pref]
1773304052.513333 localhost kernel: pci 0000:00:1e.0: [1b36:0001] type 01 class 0x060400 conventional PCI bridge
1773304052.513417 localhost kernel: pci 0000:00:1e.0: BAR 0 [mem 0xc000001000-0xc0000010ff 64bit]
1773304052.513495 localhost kernel: pci 0000:00:1e.0: PCI bridge to [bus 02]
1773304052.513591 localhost kernel: pci 0000:00:1e.0:   bridge window [io  0xd000-0xdfff]
1773304052.513670 localhost kernel: pci 0000:00:1e.0:   bridge window [mem 0xfe600000-0xfe7fffff]
1773304052.514781 localhost kernel: pci 0000:00:1e.0:   bridge window [mem 0xc060000000-0xc07fffffff 64bit pref]
1773304052.514901 localhost kernel: pci 0000:00:1f.0: [1b36:0001] type 01 class 0x060400 conventional PCI bridge
1773304052.517438 localhost kernel: pci 0000:00:1f.0: BAR 0 [mem 0xc000002000-0xc0000020ff 64bit]
1773304052.517529 localhost kernel: pci 0000:00:1f.0: PCI bridge to [bus 03]
1773304052.517610 localhost kernel: pci 0000:00:1f.0:   bridge window [io  0xc000-0xcfff]
1773304052.517688 localhost kernel: pci 0000:00:1f.0:   bridge window [mem 0xfe400000-0xfe5fffff]
1773304052.517765 localhost kernel: pci 0000:00:1f.0:   bridge window [mem 0xc040000000-0xc05fffffff 64bit pref]
1773304052.517865 localhost kernel: pci_bus 0000:01: extended config space not accessible
1773304052.517878 localhost kernel: acpiphp: Slot [1-2] registered
1773304052.517885 localhost kernel: acpiphp: Slot [0] registered
1773304052.517892 localhost kernel: acpiphp: Slot [2] registered
1773304052.517900 localhost kernel: acpiphp: Slot [3-2] registered
1773304052.517907 localhost kernel: acpiphp: Slot [4-2] registered
1773304052.517931 localhost kernel: acpiphp: Slot [5] registered
1773304052.517938 localhost kernel: acpiphp: Slot [6-2] registered
1773304052.517946 localhost kernel: acpiphp: Slot [7-2] registered
1773304052.517953 localhost kernel: acpiphp: Slot [8-2] registered
1773304052.517959 localhost kernel: acpiphp: Slot [9-2] registered
1773304052.517967 localhost kernel: acpiphp: Slot [10-2] registered
1773304052.517973 localhost kernel: acpiphp: Slot [11-2] registered
1773304052.517980 localhost kernel: acpiphp: Slot [12-2] registered
1773304052.517988 localhost kernel: acpiphp: Slot [13-2] registered
1773304052.517995 localhost kernel: acpiphp: Slot [14-2] registered
1773304052.518002 localhost kernel: acpiphp: Slot [15-2] registered
1773304052.518008 localhost kernel: acpiphp: Slot [16-2] registered
1773304052.518015 localhost kernel: acpiphp: Slot [17-2] registered
1773304052.518024 localhost kernel: acpiphp: Slot [18-2] registered
1773304052.518031 localhost kernel: acpiphp: Slot [19-2] registered
1773304052.518038 localhost kernel: acpiphp: Slot [20-2] registered
1773304052.518045 localhost kernel: acpiphp: Slot [21-2] registered
1773304052.518052 localhost kernel: acpiphp: Slot [22-2] registered
1773304052.518059 localhost kernel: acpiphp: Slot [23-2] registered
1773304052.518066 localhost kernel: acpiphp: Slot [24-2] registered
1773304052.518074 localhost kernel: acpiphp: Slot [25-2] registered
1773304052.518080 localhost kernel: acpiphp: Slot [26-2] registered
1773304052.518087 localhost kernel: acpiphp: Slot [27-2] registered
1773304052.518095 localhost kernel: acpiphp: Slot [28-2] registered
1773304052.518101 localhost kernel: acpiphp: Slot [29-2] registered
1773304052.518111 localhost kernel: acpiphp: Slot [30] registered
1773304052.518117 localhost kernel: acpiphp: Slot [31] registered
1773304052.535044 localhost kernel: pci 0000:01:01.0: [1af4:1004] type 00 class 0x010000 conventional PCI endpoint
1773304052.535205 localhost kernel: pci 0000:01:01.0: BAR 0 [io  0xe000-0xe03f]
1773304052.535314 localhost kernel: pci 0000:01:01.0: BAR 1 [mem 0xfe800000-0xfe800fff]
1773304052.535438 localhost kernel: pci 0000:01:01.0: BAR 4 [mem 0xc080000000-0xc080003fff 64bit pref]
1773304052.535552 localhost kernel: pci 0000:00:05.0: PCI bridge to [bus 01]
1773304052.535669 localhost kernel: pci_bus 0000:02: extended config space not accessible
1773304052.535684 localhost kernel: acpiphp: Slot [0-2] registered
1773304052.535698 localhost kernel: acpiphp: Slot [1-3] registered
1773304052.535708 localhost kernel: acpiphp: Slot [2-2] registered
1773304052.535725 localhost kernel: acpiphp: Slot [3-3] registered
1773304052.535734 localhost kernel: acpiphp: Slot [4-3] registered
1773304052.535742 localhost kernel: acpiphp: Slot [5-2] registered
1773304052.535751 localhost kernel: acpiphp: Slot [6-3] registered
1773304052.535759 localhost kernel: acpiphp: Slot [7-3] registered
1773304052.535767 localhost kernel: acpiphp: Slot [8-3] registered
1773304052.535783 localhost kernel: acpiphp: Slot [9-3] registered
1773304052.535791 localhost kernel: acpiphp: Slot [10-3] registered
1773304052.535799 localhost kernel: acpiphp: Slot [11-3] registered
1773304052.535807 localhost kernel: acpiphp: Slot [12-3] registered
1773304052.535815 localhost kernel: acpiphp: Slot [13-3] registered
1773304052.535824 localhost kernel: acpiphp: Slot [14-3] registered
1773304052.535835 localhost kernel: acpiphp: Slot [15-3] registered
1773304052.535843 localhost kernel: acpiphp: Slot [16-3] registered
1773304052.535851 localhost kernel: acpiphp: Slot [17-3] registered
1773304052.535859 localhost kernel: acpiphp: Slot [18-3] registered
1773304052.535867 localhost kernel: acpiphp: Slot [19-3] registered
1773304052.535875 localhost kernel: acpiphp: Slot [20-3] registered
1773304052.535907 localhost kernel: acpiphp: Slot [21-3] registered
1773304052.535920 localhost kernel: acpiphp: Slot [22-3] registered
1773304052.535928 localhost kernel: acpiphp: Slot [23-3] registered
1773304052.535936 localhost kernel: acpiphp: Slot [24-3] registered
1773304052.535944 localhost kernel: acpiphp: Slot [25-3] registered
1773304052.535952 localhost kernel: acpiphp: Slot [26-3] registered
1773304052.535960 localhost kernel: acpiphp: Slot [27-3] registered
1773304052.535968 localhost kernel: acpiphp: Slot [28-3] registered
1773304052.535976 localhost kernel: acpiphp: Slot [29-3] registered
1773304052.535984 localhost kernel: acpiphp: Slot [30-2] registered
1773304052.535996 localhost kernel: acpiphp: Slot [31-2] registered
1773304052.536095 localhost kernel: pci 0000:00:1e.0: PCI bridge to [bus 02]
1773304052.536182 localhost kernel: pci_bus 0000:03: extended config space not accessible
1773304052.536194 localhost kernel: acpiphp: Slot [0-3] registered
1773304052.536203 localhost kernel: acpiphp: Slot [1-4] registered
1773304052.536211 localhost kernel: acpiphp: Slot [2-3] registered
1773304052.536222 localhost kernel: acpiphp: Slot [3-4] registered
1773304052.536232 localhost kernel: acpiphp: Slot [4-4] registered
1773304052.536243 localhost kernel: acpiphp: Slot [5-3] registered
1773304052.536250 localhost kernel: acpiphp: Slot [6-4] registered
1773304052.536258 localhost kernel: acpiphp: Slot [7-4] registered
1773304052.536268 localhost kernel: acpiphp: Slot [8-4] registered
1773304052.536279 localhost kernel: acpiphp: Slot [9-4] registered
1773304052.536288 localhost kernel: acpiphp: Slot [10-4] registered
1773304052.536297 localhost kernel: acpiphp: Slot [11-4] registered
1773304052.536305 localhost kernel: acpiphp: Slot [12-4] registered
1773304052.536313 localhost kernel: acpiphp: Slot [13-4] registered
1773304052.536321 localhost kernel: acpiphp: Slot [14-4] registered
1773304052.536332 localhost kernel: acpiphp: Slot [15-4] registered
1773304052.536341 localhost kernel: acpiphp: Slot [16-4] registered
1773304052.536349 localhost kernel: acpiphp: Slot [17-4] registered
1773304052.536359 localhost kernel: acpiphp: Slot [18-4] registered
1773304052.536368 localhost kernel: acpiphp: Slot [19-4] registered
1773304052.536376 localhost kernel: acpiphp: Slot [20-4] registered
1773304052.536385 localhost kernel: acpiphp: Slot [21-4] registered
1773304052.536393 localhost kernel: acpiphp: Slot [22-4] registered
1773304052.536402 localhost kernel: acpiphp: Slot [23-4] registered
1773304052.536410 localhost kernel: acpiphp: Slot [24-4] registered
1773304052.536419 localhost kernel: acpiphp: Slot [25-4] registered
1773304052.536427 localhost kernel: acpiphp: Slot [26-4] registered
1773304052.536435 localhost kernel: acpiphp: Slot [27-4] registered
1773304052.536445 localhost kernel: acpiphp: Slot [28-4] registered
1773304052.536454 localhost kernel: acpiphp: Slot [29-4] registered
1773304052.536462 localhost kernel: acpiphp: Slot [30-3] registered
1773304052.536470 localhost kernel: acpiphp: Slot [31-3] registered
1773304052.536562 localhost kernel: pci 0000:00:1f.0: PCI bridge to [bus 03]
1773304052.536573 localhost kernel: ACPI: PCI: Interrupt link LNKA configured for IRQ 10
1773304052.536582 localhost kernel: ACPI: PCI: Interrupt link LNKB configured for IRQ 10
1773304052.536590 localhost kernel: ACPI: PCI: Interrupt link LNKC configured for IRQ 11
1773304052.536599 localhost kernel: ACPI: PCI: Interrupt link LNKD configured for IRQ 11
1773304052.536608 localhost kernel: ACPI: PCI: Interrupt link LNKS configured for IRQ 9
1773304052.536616 localhost kernel: iommu: Default domain type: Translated
1773304052.536625 localhost kernel: iommu: DMA domain TLB invalidation policy: lazy mode
1773304052.536636 localhost kernel: SCSI subsystem initialized
1773304052.536645 localhost kernel: libata version 3.00 loaded.
1773304052.536654 localhost kernel: ACPI: bus type USB registered
1773304052.536663 localhost kernel: usbcore: registered new interface driver usbfs
1773304052.536671 localhost kernel: usbcore: registered new interface driver hub
1773304052.536680 localhost kernel: usbcore: registered new device driver usb
1773304052.536689 localhost kernel: pps_core: LinuxPPS API ver. 1 registered
1773304052.536698 localhost kernel: pps_core: Software ver. 5.3.6 - Copyright 2005-2007 Rodolfo Giometti <giometti@linux.it>
1773304052.536707 localhost kernel: PTP clock support registered
1773304052.536715 localhost kernel: EDAC MC: Ver: 3.0.0
1773304052.536723 localhost kernel: NetLabel: Initializing
1773304052.536732 localhost kernel: NetLabel:  domain hash size = 128
1773304052.536741 localhost kernel: NetLabel:  protocols = UNLABELED CIPSOv4 CALIPSO
1773304052.536750 localhost kernel: NetLabel:  unlabeled traffic allowed by default
1773304052.536759 localhost kernel: mctp: management component transport protocol core
1773304052.536767 localhost kernel: NET: Registered PF_MCTP protocol family
1773304052.542485 localhost kernel: PCI: Using ACPI for IRQ routing
1773304052.542509 localhost kernel: PCI: pci_cache_line_size set to 64 bytes
1773304052.542517 localhost kernel: e820: reserve RAM buffer [mem 0x0009fc00-0x0009ffff]
1773304052.542525 localhost kernel: e820: reserve RAM buffer [mem 0xbffda000-0xbfffffff]
1773304052.542684 localhost kernel: pci 0000:00:02.0: vgaarb: setting as boot VGA device
1773304052.542782 localhost kernel: pci 0000:00:02.0: vgaarb: bridge control possible
1773304052.542897 localhost kernel: pci 0000:00:02.0: vgaarb: VGA device added: decodes=io+mem,owns=io+mem,locks=none
1773304052.542920 localhost kernel: vgaarb: loaded
1773304052.542931 localhost kernel: clocksource: Switched to clocksource kvm-clock
1773304052.542941 localhost kernel: VFS: Disk quotas dquot_6.6.0
1773304052.542952 localhost kernel: VFS: Dquot-cache hash table entries: 512 (order 0, 4096 bytes)
1773304052.542961 localhost kernel: AppArmor: AppArmor Filesystem Enabled
1773304052.542971 localhost kernel: pnp: PnP ACPI init
1773304052.543063 localhost kernel: pnp 00:02: [dma 2]
1773304052.543078 localhost kernel: pnp: PnP ACPI: found 4 devices
1773304052.543088 localhost kernel: clocksource: acpi_pm: mask: 0xffffff max_cycles: 0xffffff, max_idle_ns: 2085701024 ns
1773304052.543097 localhost kernel: NET: Registered PF_INET protocol family
1773304052.552922 localhost kernel: IP idents hash table entries: 65536 (order: 7, 524288 bytes, linear)
1773304052.552996 localhost kernel: tcp_listen_portaddr_hash hash table entries: 2048 (order: 3, 32768 bytes, linear)
1773304052.553007 localhost kernel: Table-perturb hash table entries: 65536 (order: 6, 262144 bytes, linear)
1773304052.553017 localhost kernel: TCP established hash table entries: 32768 (order: 6, 262144 bytes, linear)
1773304052.553025 localhost kernel: TCP bind hash table entries: 32768 (order: 8, 1048576 bytes, linear)
1773304052.553032 localhost kernel: TCP: Hash tables configured (established 32768 bind 32768)
1773304052.553041 localhost kernel: MPTCP token hash table entries: 4096 (order: 4, 98304 bytes, linear)
1773304052.553049 localhost kernel: UDP hash table entries: 2048 (order: 4, 65536 bytes, linear)
1773304052.553057 localhost kernel: UDP-Lite hash table entries: 2048 (order: 4, 65536 bytes, linear)
1773304052.553065 localhost kernel: NET: Registered PF_UNIX/PF_LOCAL protocol family
1773304052.553073 localhost kernel: NET: Registered PF_XDP protocol family
1773304052.553255 localhost kernel: pci 0000:00:05.0: PCI bridge to [bus 01]
1773304052.553341 localhost kernel: pci 0000:00:05.0:   bridge window [io  0xe000-0xefff]
1773304052.553425 localhost kernel: pci 0000:00:05.0:   bridge window [mem 0xfe800000-0xfe9fffff]
1773304052.553513 localhost kernel: pci 0000:00:05.0:   bridge window [mem 0xc080000000-0xc09fffffff 64bit pref]
1773304052.553593 localhost kernel: pci 0000:00:1e.0: PCI bridge to [bus 02]
1773304052.553665 localhost kernel: pci 0000:00:1e.0:   bridge window [io  0xd000-0xdfff]
1773304052.553738 localhost kernel: pci 0000:00:1e.0:   bridge window [mem 0xfe600000-0xfe7fffff]
1773304052.566383 localhost kernel: pci 0000:00:1e.0:   bridge window [mem 0xc060000000-0xc07fffffff 64bit pref]
1773304052.566507 localhost kernel: pci 0000:00:1f.0: PCI bridge to [bus 03]
1773304052.569153 localhost kernel: pci 0000:00:1f.0:   bridge window [io  0xc000-0xcfff]
1773304052.569272 localhost kernel: pci 0000:00:1f.0:   bridge window [mem 0xfe400000-0xfe5fffff]
1773304052.569367 localhost kernel: pci 0000:00:1f.0:   bridge window [mem 0xc040000000-0xc05fffffff 64bit pref]
1773304052.569460 localhost kernel: pci_bus 0000:00: resource 4 [io  0x0000-0x0cf7 window]
1773304052.569533 localhost kernel: pci_bus 0000:00: resource 5 [io  0x0d00-0xffff window]
1773304052.569609 localhost kernel: pci_bus 0000:00: resource 6 [mem 0x000a0000-0x000bffff window]
1773304052.569683 localhost kernel: pci_bus 0000:00: resource 7 [mem 0xc0000000-0xfebfffff window]
1773304052.569759 localhost kernel: pci_bus 0000:00: resource 8 [mem 0xc000000000-0xc0a000bfff window]
1773304052.569856 localhost kernel: pci_bus 0000:01: resource 0 [io  0xe000-0xefff]
1773304052.569961 localhost kernel: pci_bus 0000:01: resource 1 [mem 0xfe800000-0xfe9fffff]
1773304052.570048 localhost kernel: pci_bus 0000:01: resource 2 [mem 0xc080000000-0xc09fffffff 64bit pref]
1773304052.570144 localhost kernel: pci_bus 0000:02: resource 0 [io  0xd000-0xdfff]
1773304052.570229 localhost kernel: pci_bus 0000:02: resource 1 [mem 0xfe600000-0xfe7fffff]
1773304052.570309 localhost kernel: pci_bus 0000:02: resource 2 [mem 0xc060000000-0xc07fffffff 64bit pref]
1773304052.570401 localhost kernel: pci_bus 0000:03: resource 0 [io  0xc000-0xcfff]
1773304052.570487 localhost kernel: pci_bus 0000:03: resource 1 [mem 0xfe400000-0xfe5fffff]
1773304052.570556 localhost kernel: pci_bus 0000:03: resource 2 [mem 0xc040000000-0xc05fffffff 64bit pref]
1773304052.570648 localhost kernel: pci 0000:00:01.0: PIIX3: Enabling Passive Release
1773304052.570731 localhost kernel: pci 0000:00:00.0: Limiting direct PCI/PCI transfers
1773304052.570742 localhost kernel: ACPI: \_SB_.LNKD: Enabled at IRQ 11
1773304052.570752 localhost kernel: PCI: CLS 0 bytes, default 64
1773304052.570760 localhost kernel: PCI-DMA: Using software bounce buffering for IO (SWIOTLB)
1773304052.570770 localhost kernel: software IO TLB: mapped [mem 0x00000000bbfda000-0x00000000bffda000] (64MB)
1773304052.592072 localhost kernel: Trying to unpack rootfs image as initramfs...
1773304052.592093 localhost kernel: Initialise system trusted keyrings
1773304052.592109 localhost kernel: Key type blacklist registered
1773304052.592124 localhost kernel: workingset: timestamp_bits=36 max_order=20 bucket_order=0
1773304052.592140 localhost kernel: zbud: loaded
1773304052.592154 localhost kernel: squashfs: version 4.0 (2009/01/31) Phillip Lougher
1773304052.592183 localhost kernel: fuse: init (API version 7.39)
1773304052.592198 localhost kernel: integrity: Platform Keyring initialized
1773304052.592214 localhost kernel: integrity: Machine keyring initialized
1773304052.592228 localhost kernel: Key type asymmetric registered
1773304052.592243 localhost kernel: Asymmetric key parser 'x509' registered
1773304052.592258 localhost kernel: Block layer SCSI generic (bsg) driver version 0.4 loaded (major 243)
1773304052.592273 localhost kernel: io scheduler mq-deadline registered
1773304052.592539 localhost kernel: shpchp 0000:00:05.0: Requesting control of SHPC hotplug via OSHP (\_SB_.PCI0.S28_)
1773304052.592706 localhost kernel: shpchp 0000:00:05.0: Requesting control of SHPC hotplug via OSHP (\_SB_.PCI0)
1773304052.592904 localhost kernel: shpchp 0000:00:05.0: Cannot get control of SHPC hotplug
1773304052.593958 localhost kernel: shpchp 0000:00:1e.0: Requesting control of SHPC hotplug via OSHP (\_SB_.PCI0.SF0_)
1773304052.594205 localhost kernel: shpchp 0000:00:1e.0: Requesting control of SHPC hotplug via OSHP (\_SB_.PCI0)
1773304052.594532 localhost kernel: shpchp 0000:00:1e.0: Cannot get control of SHPC hotplug
1773304052.594709 localhost kernel: shpchp 0000:00:1f.0: Requesting control of SHPC hotplug via OSHP (\_SB_.PCI0.SF8_)
1773304052.594903 localhost kernel: shpchp 0000:00:1f.0: Requesting control of SHPC hotplug via OSHP (\_SB_.PCI0)
1773304052.597240 localhost kernel: shpchp 0000:00:1f.0: Cannot get control of SHPC hotplug
1773304052.597264 localhost kernel: shpchp: Standard Hot Plug PCI Controller Driver version: 0.4
1773304052.597279 localhost kernel: input: Power Button as /devices/LNXSYSTM:00/LNXPWRBN:00/input/input0
1773304052.597293 localhost kernel: ACPI: button: Power Button [PWRF]
1773304052.597309 localhost kernel: ACPI: \_SB_.LNKC: Enabled at IRQ 10
1773304052.597332 localhost kernel: ACPI: \_SB_.LNKB: Enabled at IRQ 10
1773304052.597347 localhost kernel: ACPI: \_SB_.LNKA: Enabled at IRQ 11
1773304052.597362 localhost kernel: Free page reporting enabled
1773304052.597377 localhost kernel: Serial: 8250/16550 driver, 32 ports, IRQ sharing enabled
1773304052.597391 localhost kernel: Linux agpgart interface v0.103
1773304052.597406 localhost kernel: loop: module loaded
1773304052.597498 localhost kernel: virtio_scsi virtio3: 2/0/0 default/read/poll queues
1773304052.597586 localhost kernel: scsi host0: Virtio SCSI HBA
1773304052.597703 localhost kernel: scsi 0:0:0:0: Direct-Access     QEMU     QEMU HARDDISK    2.5+ PQ: 0 ANSI: 5
1773304052.597827 localhost kernel: ata_piix 0000:00:01.1: version 2.13
1773304052.598018 localhost kernel: scsi host1: ata_piix
1773304052.607625 localhost kernel: scsi host2: ata_piix
1773304052.607665 localhost kernel: ata1: PATA max MWDMA2 cmd 0x1f0 ctl 0x3f6 bmdma 0xf0e0 irq 14 lpm-pol 0
1773304052.607682 localhost kernel: ata2: PATA max MWDMA2 cmd 0x170 ctl 0x376 bmdma 0xf0e8 irq 15 lpm-pol 0
1773304052.607697 localhost kernel: ACPI: bus type drm_connector registered
1773304052.607708 localhost kernel: tun: Universal TUN/TAP device driver, 1.6
1773304052.607716 localhost kernel: PPP generic driver version 2.4.2
1773304052.609978 localhost kernel: uhci_hcd 0000:00:01.2: UHCI Host Controller
1773304052.610089 localhost kernel: uhci_hcd 0000:00:01.2: new USB bus registered, assigned bus number 1
1773304052.610182 localhost kernel: uhci_hcd 0000:00:01.2: detected 2 ports
1773304052.610278 localhost kernel: uhci_hcd 0000:00:01.2: irq 11, io port 0x0000f0c0
1773304052.610425 localhost kernel: usb usb1: New USB device found, idVendor=1d6b, idProduct=0001, bcdDevice= 6.08
1773304052.610554 localhost kernel: usb usb1: New USB device strings: Mfr=3, Product=2, SerialNumber=1
1773304052.610683 localhost kernel: usb usb1: Product: UHCI Host Controller
1773304052.610833 localhost kernel: usb usb1: Manufacturer: Linux 6.8.0-55-generic uhci_hcd
1773304052.619163 localhost kernel: usb usb1: SerialNumber: 0000:00:01.2
1773304052.619352 localhost kernel: hub 1-0:1.0: USB hub found
1773304052.619445 localhost kernel: hub 1-0:1.0: 2 ports detected
1773304052.619473 localhost kernel: i8042: PNP: PS/2 Controller [PNP0303:KBD,PNP0f13:MOU] at 0x60,0x64 irq 1,12
1773304052.619487 localhost kernel: serio: i8042 KBD port at 0x60,0x64 irq 1
1773304052.619496 localhost kernel: serio: i8042 AUX port at 0x60,0x64 irq 12
1773304052.619505 localhost kernel: mousedev: PS/2 mouse device common for all mice
1773304052.619513 localhost kernel: input: AT Translated Set 2 keyboard as /devices/platform/i8042/serio0/input/input1
1773304052.619621 localhost kernel: rtc_cmos 00:03: RTC can wake from S4
1773304052.619716 localhost kernel: rtc_cmos 00:03: registered as rtc0
1773304052.619788 localhost kernel: rtc_cmos 00:03: setting system clock to 2026-03-12T08:27:12 UTC (1773304032)
1773304052.619851 localhost kernel: rtc_cmos 00:03: alarms up to one day, y3k, 242 bytes nvram
1773304052.619947 localhost kernel: scsi 0:0:0:0: Attached scsi generic sg0 type 0
1773304052.619961 localhost kernel: i2c_dev: i2c /dev entries driver
1773304052.620986 localhost kernel: sd 0:0:0:0: Power-on or device reset occurred
1773304052.622540 localhost kernel: device-mapper: core: CONFIG_IMA_DISABLE_HTABLE is disabled. Duplicate IMA measurements will not be recorded in the IMA log.
1773304052.622554 localhost kernel: device-mapper: uevent: version 1.0.3
1773304052.622664 localhost kernel: sd 0:0:0:0: [sda] 67108864 512-byte logical blocks: (34.4 GB/32.0 GiB)
1773304052.622759 localhost kernel: sd 0:0:0:0: [sda] Write Protect is off
1773304052.622871 localhost kernel: sd 0:0:0:0: [sda] Mode Sense: 63 00 10 08
1773304052.622896 localhost kernel: device-mapper: ioctl: 4.48.0-ioctl (2023-03-01) initialised: dm-devel@redhat.com
1773304052.623017 localhost kernel: sd 0:0:0:0: [sda] Write cache: enabled, read cache: enabled, supports DPO and FUA
1773304052.628983 localhost kernel: platform eisa.0: Probing EISA bus 0
1773304052.629668 localhost kernel: platform eisa.0: EISA: Cannot allocate resource for mainboard
1773304052.629842 localhost kernel: platform eisa.0: Cannot allocate resource for EISA slot 1
1773304052.630021 localhost kernel: platform eisa.0: Cannot allocate resource for EISA slot 2
1773304052.630188 localhost kernel: platform eisa.0: Cannot allocate resource for EISA slot 3
1773304052.630352 localhost kernel: platform eisa.0: Cannot allocate resource for EISA slot 4
1773304052.634541 localhost kernel: platform eisa.0: Cannot allocate resource for EISA slot 5
1773304052.635317 localhost kernel: platform eisa.0: Cannot allocate resource for EISA slot 6
1773304052.636229 localhost kernel: platform eisa.0: Cannot allocate resource for EISA slot 7
1773304052.636390 localhost kernel: platform eisa.0: Cannot allocate resource for EISA slot 8
1773304052.639910 localhost kernel: platform eisa.0: EISA: Detected 0 cards
1773304052.639955 localhost kernel: amd_pstate: the _CPC object is not present in SBIOS or ACPI disabled
1773304052.639973 localhost kernel: ledtrig-cpu: registered to indicate activity on CPUs
1773304052.641269 localhost kernel: [drm] Initialized simpledrm 1.0.0 20200625 for simple-framebuffer.0 on minor 0
1773304052.641286 localhost kernel: Console: switching to colour frame buffer device 100x37
1773304052.641301 localhost kernel:  sda: sda1 sda2 sda3
1773304052.641520 localhost kernel: sd 0:0:0:0: [sda] Attached SCSI disk
1773304052.641568 localhost kernel: simple-framebuffer simple-framebuffer.0: [drm] fb0: simpledrmdrmfb frame buffer device
1773304052.641585 localhost kernel: drop_monitor: Initializing network drop monitor service
1773304052.641600 localhost kernel: NET: Registered PF_INET6 protocol family
1773304052.641614 localhost kernel: Freeing initrd memory: 67140K
1773304052.641629 localhost kernel: Segment Routing with IPv6
1773304052.641648 localhost kernel: In-situ OAM (IOAM) with IPv6
1773304052.641663 localhost kernel: NET: Registered PF_PACKET protocol family
1773304052.641678 localhost kernel: Key type dns_resolver registered
1773304052.641693 localhost kernel: IPI shorthand broadcast: enabled
1773304052.641708 localhost kernel: sched_clock: Marking stable (892007950, 1102150)->(894811600, -1701500)
1773304052.641723 localhost kernel: registered taskstats version 1
1773304052.641738 localhost kernel: Loading compiled-in X.509 certificates
1773304052.641752 localhost kernel: Loaded X.509 cert 'Build time autogenerated kernel key: e0bedf6fa049a1e09bd65ebab3904f14cdd5bc68'
1773304052.641768 localhost kernel: Loaded X.509 cert 'Canonical Ltd. Live Patch Signing: 14df34d1a87cf37625abec039ef2bf521249b969'
1773304052.642187 localhost kernel: Loaded X.509 cert 'Canonical Ltd. Kernel Module Signing: 88f752e560a1e0737e31163a466ad7b70a850c19'
1773304052.642202 localhost kernel: blacklist: Loading compiled-in revocation X.509 certificates
1773304052.642348 localhost kernel: Loaded X.509 cert 'Canonical Ltd. Secure Boot Signing: 61482aa2830d0ab2ad5af10b7250da9033ddcef0'
1773304052.642376 localhost kernel: Loaded X.509 cert 'Canonical Ltd. Secure Boot Signing (2017): 242ade75ac4a15e50d50c84b0d45ff3eae707a03'
1773304052.642393 localhost kernel: Loaded X.509 cert 'Canonical Ltd. Secure Boot Signing (ESM 2018): 365188c1d374d6b07c3c8f240f8ef722433d6a8b'
1773304052.642409 localhost kernel: Loaded X.509 cert 'Canonical Ltd. Secure Boot Signing (2019): c0746fd6c5da3ae827864651ad66ae47fe24b3e8'
1773304052.642424 localhost kernel: Loaded X.509 cert 'Canonical Ltd. Secure Boot Signing (2021 v1): a8d54bbb3825cfb94fa13c9f8a594a195c107b8d'
1773304052.642439 localhost kernel: Loaded X.509 cert 'Canonical Ltd. Secure Boot Signing (2021 v2): 4cf046892d6fd3c9a5b03f98d845f90851dc6a8c'
1773304052.642454 localhost kernel: ata2: found unknown device (class 0)
1773304052.642469 localhost kernel: Loaded X.509 cert 'Canonical Ltd. Secure Boot Signing (2021 v3): 100437bb6de6e469b581e61cd66bce3ef4ed53af'
1773304052.642483 localhost kernel: ata2.00: ATAPI: QEMU DVD-ROM, 2.5+, max UDMA/100
1773304052.642498 localhost kernel: Loaded X.509 cert 'Canonical Ltd. Secure Boot Signing (Ubuntu Core 2019): c1d57b8f6b743f23ee41f4f7ee292f06eecadfb9'
1773304052.645540 localhost kernel: scsi 2:0:0:0: CD-ROM            QEMU     QEMU DVD-ROM     2.5+ PQ: 0 ANSI: 5
1773304052.645566 localhost kernel: Key type .fscrypt registered
1773304052.645574 localhost kernel: Key type fscrypt-provisioning registered
1773304052.645581 localhost kernel: cryptd: max_cpu_qlen set to 1000
1773304052.645676 localhost kernel: sr 2:0:0:0: [sr0] scsi3-mmc drive: 4x/4x cd/rw xa/form2 tray
1773304052.645688 localhost kernel: cdrom: Uniform CD-ROM driver Revision: 3.20
1773304052.645784 localhost kernel: sr 2:0:0:0: Attached scsi CD-ROM sr0
1773304052.645877 localhost kernel: sr 2:0:0:0: Attached scsi generic sg1 type 5
1773304052.645908 localhost kernel: SSE version of gcm_enc/dec engaged.
1773304052.646068 localhost kernel: usb 1-1: new full-speed USB device number 2 using uhci_hcd
1773304052.646085 localhost kernel: Key type encrypted registered
1773304052.646098 localhost kernel: AppArmor: AppArmor sha256 policy hashing enabled
1773304052.646106 localhost kernel: ima: No TPM chip found, activating TPM-bypass!
1773304052.646113 localhost kernel: Loading compiled-in module X.509 certificates
1773304052.646121 localhost kernel: Loaded X.509 cert 'Build time autogenerated kernel key: e0bedf6fa049a1e09bd65ebab3904f14cdd5bc68'
1773304052.646128 localhost kernel: ima: Allocated hash algorithm: sha256
1773304052.646135 localhost kernel: ima: No architecture policies found
1773304052.646142 localhost kernel: evm: Initialising EVM extended attributes:
1773304052.646149 localhost kernel: evm: security.selinux
1773304052.646156 localhost kernel: evm: security.SMACK64
1773304052.646163 localhost kernel: evm: security.SMACK64EXEC
1773304052.646174 localhost kernel: evm: security.SMACK64TRANSMUTE
1773304052.646184 localhost kernel: evm: security.SMACK64MMAP
1773304052.646193 localhost kernel: evm: security.apparmor
1773304052.646204 localhost kernel: evm: security.ima
1773304052.646211 localhost kernel: evm: security.capability
1773304052.646218 localhost kernel: evm: HMAC attrs: 0x1
1773304052.646225 localhost kernel: PM:   Magic number: 2:655:472
1773304052.646312 localhost kernel: acpi LNXSYSTM:00: hash matches
1773304052.646326 localhost kernel: powernow_k8: Power state transitions not supported
1773304052.646333 localhost kernel: powernow_k8: Power state transitions not supported
1773304052.646340 localhost kernel: RAS: Correctable Errors collector initialized.
1773304052.646347 localhost kernel: clk: Disabling unused clocks
1773304052.646355 localhost kernel: Freeing unused decrypted memory: 2028K
1773304052.646362 localhost kernel: Freeing unused kernel image (initmem) memory: 4988K
1773304052.646371 localhost kernel: Write protecting the kernel read-only data: 38912k
1773304052.646380 localhost kernel: Freeing unused kernel image (rodata/data gap) memory: 2040K
1773304052.649988 localhost kernel: x86/mm: Checked W+X mappings: passed, no W+X pages found.
1773304052.650030 localhost kernel: Run /init as init process
1773304052.650038 localhost kernel:   with arguments:
1773304052.650050 localhost kernel:     /init
1773304052.650061 localhost kernel:   with environment:
1773304052.650070 localhost kernel:     HOME=/
1773304052.650078 localhost kernel:     TERM=linux
1773304052.650085 localhost kernel:     BOOT_IMAGE=/vmlinuz-6.8.0-55-generic
1773304052.650312 localhost kernel: usb 1-1: New USB device found, idVendor=0627, idProduct=0001, bcdDevice= 0.00
1773304052.650447 localhost kernel: usb 1-1: New USB device strings: Mfr=1, Product=3, SerialNumber=10
1773304052.650592 localhost kernel: usb 1-1: Product: QEMU USB Tablet
1773304052.650728 localhost kernel: usb 1-1: Manufacturer: QEMU
1773304052.650866 localhost kernel: usb 1-1: SerialNumber: 28754-0000:00:01.2-1
1773304052.650895 localhost kernel: hid: raw HID events driver (C) Jiri Kosina
1773304052.650903 localhost kernel: usbcore: registered new interface driver usbhid
1773304052.650911 localhost kernel: usbhid: USB HID core driver
1773304052.650918 localhost kernel: input: QEMU QEMU USB Tablet as /devices/pci0000:00/0000:00:01.2/usb1/1-1/1-1:1.0/0003:0627:0001.0001/input/input3
1773304052.651028 localhost kernel: hid-generic 0003:0627:0001.0001: input,hidraw0: USB HID v0.01 Mouse [QEMU QEMU USB Tablet] on usb-0000:00:01.2-1/input0
1773304052.651041 localhost kernel: FDC 0 is a S82078B
1773304052.651048 localhost kernel: input: VirtualPS/2 VMware VMMouse as /devices/platform/i8042/serio1/input/input5
1773304052.651059 localhost kernel: input: VirtualPS/2 VMware VMMouse as /devices/platform/i8042/serio1/input/input4
1773304052.651145 localhost kernel: virtio_net virtio2 ens18: renamed from eth0
1773304052.651156 localhost kernel: Console: switching to colour dummy device 80x25
1773304052.651250 localhost kernel: bochs-drm 0000:00:02.0: vgaarb: deactivate vga console
1773304052.651263 localhost kernel: [drm] Found bochs VGA, ID 0xb0c5.
1773304052.651273 localhost kernel: [drm] Framebuffer size 16384 kB @ 0xfd000000, mmio @ 0xfea50000.
1773304052.651284 localhost kernel: [drm] Found EDID data blob.
1773304052.651292 localhost kernel: [drm] Initialized bochs-drm 1.0.0 20130925 for 0000:00:02.0 on minor 0
1773304052.651300 localhost kernel: fbcon: bochs-drmdrmfb (fb0) is primary device
1773304052.651307 localhost kernel: Console: switching to colour frame buffer device 160x50
1773304052.651399 localhost kernel: bochs-drm 0000:00:02.0: [drm] fb0: bochs-drmdrmfb frame buffer device
1773304052.651416 localhost kernel: random: crng init done
1773304052.651424 localhost kernel: raid6: sse2x4   gen()  2967 MB/s
1773304052.651431 localhost kernel: raid6: sse2x2   gen()  2040 MB/s
1773304052.651438 localhost kernel: raid6: sse2x1   gen()  1486 MB/s
1773304052.651445 localhost kernel: raid6: using algorithm sse2x4 gen() 2967 MB/s
1773304052.651452 localhost kernel: raid6: .... xor() 1844 MB/s, rmw enabled
1773304052.651459 localhost kernel: raid6: using ssse3x2 recovery algorithm
1773304052.651466 localhost kernel: xor: measuring software checksum speed
1773304052.651472 localhost kernel:    prefetch64-sse  : 29348 MB/sec
1773304052.651484 localhost kernel:    generic_sse     : 27227 MB/sec
1773304052.651494 localhost kernel: xor: using function: prefetch64-sse (29348 MB/sec)
1773304052.651504 localhost kernel: async_tx: api initialized (async)
1773304052.651511 localhost kernel: Btrfs loaded, zoned=yes, fsverity=yes
1773304052.651518 localhost kernel: EXT4-fs (dm-0): mounted filesystem 78dfc1ab-05ce-40b9-a2f8-2f3e03168145 ro with ordered data mode. Quota mode: none.
1773304052.651525 localhost kernel: workqueue: drm_fb_helper_damage_work hogged CPU for >10000us 4 times, consider switching to WQ_UNBOUND
1773304052.651534 localhost systemd[1]: Inserted module 'autofs4'
1773304052.651545 localhost systemd[1]: systemd 255.4-1ubuntu8.5 running in system mode (+PAM +AUDIT +SELINUX +APPARMOR +IMA +SMACK +SECCOMP +GCRYPT -GNUTLS +OPENSSL +ACL +BLKID +CURL +ELFUTILS +FIDO2 +IDN2 -IDN +IPTC +KMOD +LIBCRYPTSETUP +LIBFDISK +PCRE2 -PWQUALITY +P11KIT +QRENCODE +TPM2 +BZIP2 +LZ4 +XZ +ZLIB +ZSTD -BPF_FRAMEWORK -XKBCOMMON +UTMP +SYSVINIT default-hierarchy=unified)
1773304052.651554 localhost systemd[1]: Detected virtualization kvm.
1773304052.651561 localhost systemd[1]: Detected architecture x86-64.
1773304052.651569 localhost kernel: workqueue: drm_fb_helper_damage_work hogged CPU for >10000us 8 times, consider switching to WQ_UNBOUND
1773304052.651580 localhost systemd[1]: No hostname configured, using default hostname.
1773304052.651594 localhost systemd[1]: Hostname set to <localhost>.
1773304052.651604 localhost systemd[1]: Queued start job for default target graphical.target.
1773304052.651613 localhost systemd[1]: Created slice system-modprobe.slice - Slice /system/modprobe.
1773304052.651621 localhost systemd[1]: Created slice system-systemd\x2dfsck.slice - Slice /system/systemd-fsck.
1773304052.651629 localhost systemd[1]: Created slice user.slice - User and Session Slice.
1773304052.651637 localhost systemd[1]: Started systemd-ask-password-wall.path - Forward Password Requests to Wall Directory Watch.
1773304052.651644 localhost systemd[1]: Set up automount proc-sys-fs-binfmt_misc.automount - Arbitrary Executable File Formats File System Automount Point.
1773304052.651653 localhost systemd[1]: Expecting device dev-disk-by\x2duuid-c3f8f018\x2df5f7\x2d4a5d\x2d92a1\x2d12ee87108672.device - /dev/disk/by-uuid/c3f8f018-f5f7-4a5d-92a1-12ee87108672...
1773304052.651661 localhost systemd[1]: Reached target integritysetup.target - Local Integrity Protected Volumes.
1773304052.651672 localhost systemd[1]: Reached target slices.target - Slice Units.
1773304052.651679 localhost systemd[1]: Reached target snapd.mounts-pre.target - Mounting snaps.
1773304052.651690 localhost systemd[1]: Reached target snapd.mounts.target - Mounted snaps.
1773304052.651702 localhost systemd[1]: Reached target veritysetup.target - Local Verity Protected Volumes.
1773304052.651711 localhost systemd[1]: Listening on dm-event.socket - Device-mapper event daemon FIFOs.
1773304052.651719 localhost systemd[1]: Listening on lvm2-lvmpolld.socket - LVM2 poll daemon socket.
1773304052.651726 localhost systemd[1]: Listening on multipathd.socket - multipathd control socket.
1773304052.651733 localhost systemd[1]: Listening on syslog.socket - Syslog Socket.
1773304052.651741 localhost systemd[1]: Listening on systemd-fsckd.socket - fsck to fsckd communication Socket.
1773304052.651748 localhost systemd[1]: Listening on systemd-initctl.socket - initctl Compatibility Named Pipe.
1773304052.651758 localhost systemd[1]: Listening on systemd-journald-dev-log.socket - Journal Socket (/dev/log).
1773304052.651768 localhost systemd[1]: Listening on systemd-journald.socket - Journal Socket.
1773304052.657213 localhost systemd[1]: Listening on systemd-networkd.socket - Network Service Netlink Socket.
1773304052.657227 localhost systemd[1]: systemd-pcrextend.socket - TPM2 PCR Extension (Varlink) was skipped because of an unmet condition check (ConditionSecurity=measured-uki).
1773304052.657236 localhost systemd[1]: Listening on systemd-udevd-control.socket - udev Control Socket.
1773304052.657244 localhost systemd[1]: Listening on systemd-udevd-kernel.socket - udev Kernel Socket.
1773304052.657252 localhost systemd[1]: Mounting dev-hugepages.mount - Huge Pages File System...
1773304052.657259 localhost systemd[1]: Mounting dev-mqueue.mount - POSIX Message Queue File System...
1773304052.657267 localhost systemd[1]: Mounting sys-kernel-debug.mount - Kernel Debug File System...
1773304052.657275 localhost systemd[1]: Mounting sys-kernel-tracing.mount - Kernel Trace File System...
1773304052.657283 localhost systemd[1]: Starting systemd-journald.service - Journal Service...
1773304052.657302 localhost systemd[1]: Starting keyboard-setup.service - Set the console keyboard layout...
1773304052.657315 localhost systemd[1]: Starting kmod-static-nodes.service - Create List of Static Device Nodes...
1773304052.657359 localhost systemd-journald[307]: Collecting audit messages is disabled.
1773304052.657381 localhost systemd[1]: Starting lvm2-monitor.service - Monitoring of LVM2 mirrors, snapshots etc. using dmeventd or progress polling...
1773304052.657389 localhost systemd[1]: Starting modprobe@configfs.service - Load Kernel Module configfs...
1773304052.657400 localhost systemd-journald[307]: Journal started
1773304052.657421 localhost systemd-journald[307]: Runtime Journal (/run/log/journal/560b026a44d3424ea490d29e1a7e2775) is 4.8M, max 39.1M, 34.2M free.
1773304052.719145 localhost systemd[1]: Starting modprobe@dm_mod.service - Load Kernel Module dm_mod...
1773304052.762271 localhost systemd[1]: Starting modprobe@drm.service - Load Kernel Module drm...
1773304052.792933 localhost systemd[1]: Starting modprobe@efi_pstore.service - Load Kernel Module efi_pstore...
1773304052.984745 localhost systemd[1]: Starting modprobe@fuse.service - Load Kernel Module fuse...
1773304053.067912 localhost systemd[1]: Starting modprobe@loop.service - Load Kernel Module loop...
1773304053.073291 localhost systemd[1]: netplan-ovs-cleanup.service - OpenVSwitch configuration for cleanup was skipped because of an unmet condition check (ConditionFileIsExecutable=/usr/bin/ovs-vsctl).
1773304053.073326 localhost systemd[1]: systemd-fsck-root.service - File System Check on Root Device was skipped because of an unmet condition check (ConditionPathExists=!/run/initramfs/fsck-root).
1773304053.182643 localhost systemd[1]: Starting systemd-modules-load.service - Load Kernel Modules...
1773304053.188574 localhost systemd[1]: systemd-pcrmachine.service - TPM2 PCR Machine ID Measurement was skipped because of an unmet condition check (ConditionSecurity=measured-uki).
1773304053.198810 localhost systemd[1]: Starting systemd-remount-fs.service - Remount Root and Kernel File Systems...
1773304053.212867 localhost systemd[1]: systemd-tpm2-setup-early.service - TPM2 SRK Setup (Early) was skipped because of an unmet condition check (ConditionSecurity=measured-uki).
1773304053.254801 localhost systemd[1]: Starting systemd-udev-trigger.service - Coldplug All udev Devices...
1773304053.569045 localhost systemd[1]: Started systemd-journald.service - Journal Service.
1773304053.455410 localhost systemd[1]: Mounted dev-hugepages.mount - Huge Pages File System.
1773304053.458351 localhost systemd[1]: Mounted dev-mqueue.mount - POSIX Message Queue File System.
1773304053.462468 localhost systemd[1]: Mounted sys-kernel-debug.mount - Kernel Debug File System.
1773304053.463218 localhost systemd[1]: Mounted sys-kernel-tracing.mount - Kernel Trace File System.
1773304053.463907 localhost systemd[1]: Finished kmod-static-nodes.service - Create List of Static Device Nodes.
1773304053.464714 localhost systemd[1]: modprobe@configfs.service: Deactivated successfully.
1773304053.464825 localhost systemd[1]: Finished modprobe@configfs.service - Load Kernel Module configfs.
1773304053.465643 localhost systemd[1]: modprobe@dm_mod.service: Deactivated successfully.
1773304053.465771 localhost systemd[1]: Finished modprobe@dm_mod.service - Load Kernel Module dm_mod.
1773304053.466645 localhost systemd[1]: modprobe@drm.service: Deactivated successfully.
1773304053.466737 localhost systemd[1]: Finished modprobe@drm.service - Load Kernel Module drm.
1773304053.474648 localhost systemd[1]: modprobe@efi_pstore.service: Deactivated successfully.
1773304053.474765 localhost systemd[1]: Finished modprobe@efi_pstore.service - Load Kernel Module efi_pstore.
1773304053.475582 localhost systemd[1]: modprobe@fuse.service: Deactivated successfully.
1773304053.475676 localhost systemd[1]: Finished modprobe@fuse.service - Load Kernel Module fuse.
1773304053.476550 localhost systemd[1]: modprobe@loop.service: Deactivated successfully.
1773304053.476641 localhost systemd[1]: Finished modprobe@loop.service - Load Kernel Module loop.
1773304053.505083 localhost systemd[1]: Mounting sys-fs-fuse-connections.mount - FUSE Control File System...
1773304053.514124 localhost systemd[1]: Mounting sys-kernel-config.mount - Kernel Configuration File System...
1773304053.519125 localhost systemd[1]: systemd-repart.service - Repartition Root Disk was skipped because no trigger condition checks were met.
1773304053.530223 localhost systemd[1]: Starting systemd-tmpfiles-setup-dev-early.service - Create Static Device Nodes in /dev gracefully...
1773304053.545776 localhost systemd[1]: Mounted sys-fs-fuse-connections.mount - FUSE Control File System.
1773304053.562127 localhost systemd[1]: Mounted sys-kernel-config.mount - Kernel Configuration File System.
1773304053.571736 localhost systemd[1]: Finished keyboard-setup.service - Set the console keyboard layout.
1773304053.640853 localhost systemd-modules-load[326]: Inserted module 'msr'
1773304053.653799 localhost kernel: workqueue: drm_fb_helper_damage_work hogged CPU for >10000us 16 times, consider switching to WQ_UNBOUND
1773304053.890712 localhost kernel: EXT4-fs (dm-0): re-mounted 78dfc1ab-05ce-40b9-a2f8-2f3e03168145 r/w. Quota mode: none.
1773304053.897067 localhost systemd[1]: Finished systemd-remount-fs.service - Remount Root and Kernel File Systems.
1773304053.917893 localhost systemd-modules-load[326]: Inserted module 'dm_multipath'
1773304053.923990 localhost systemd[1]: Activating swap swap.img.swap - /swap.img...
1773304053.932162 localhost systemd[1]: Starting multipathd.service - Device-Mapper Multipath Device Controller...
1773304054.058519 localhost systemd[1]: systemd-hwdb-update.service - Rebuild Hardware Database was skipped because of an unmet condition check (ConditionNeedsUpdate=/etc).
1773304054.066074 localhost systemd[1]: Starting systemd-journal-flush.service - Flush Journal to Persistent Storage...
1773304054.067489 localhost systemd[1]: systemd-pstore.service - Platform Persistent Storage Archival was skipped because of an unmet condition check (ConditionDirectoryNotEmpty=/sys/fs/pstore).
1773304054.070002 localhost systemd[1]: Starting systemd-random-seed.service - Load/Save OS Random Seed...
1773304054.070694 localhost systemd[1]: systemd-tpm2-setup.service - TPM2 SRK Setup was skipped because of an unmet condition check (ConditionSecurity=measured-uki).
1773304054.071289 localhost systemd[1]: Finished systemd-modules-load.service - Load Kernel Modules.
1773304054.084954 localhost systemd[1]: Starting systemd-sysctl.service - Apply Kernel Variables...
1773304054.154915 localhost kernel: Adding 3261436k swap on /swap.img.  Priority:-2 extents:7 across:5735424k 
1773304054.155063 localhost systemd[1]: Activated swap swap.img.swap - /swap.img.
1773304054.155918 localhost systemd[1]: Reached target swap.target - Swaps.
1773304054.252913 localhost systemd-journald[307]: Time spent on flushing to /var/log/journal/560b026a44d3424ea490d29e1a7e2775 is 4.805435s for 777 entries.
1773304054.252913 localhost systemd-journald[307]: System Journal (/var/log/journal/560b026a44d3424ea490d29e1a7e2775) is 29.3M, max 1.4G, 1.4G free.
1773304067.626255 localhost systemd-journald[307]: Received client request to flush runtime journal.
1773304067.626295 localhost systemd-journald[307]: /var/log/journal/560b026a44d3424ea490d29e1a7e2775/system.journal: Journal file uses a different sequence number ID, rotating.
1773304067.626319 localhost systemd-journald[307]: Rotating system journal.
1773304067.626338 localhost kernel: piix4_smbus 0000:00:01.3: SMBus Host Controller at 0x700, revision 0
1773304067.626496 localhost kernel: workqueue: drm_fb_helper_damage_work hogged CPU for >10000us 32 times, consider switching to WQ_UNBOUND
1773304067.649821 localhost kernel: EXT4-fs (sda2): mounted filesystem c3f8f018-f5f7-4a5d-92a1-12ee87108672 r/w with ordered data mode. Quota mode: none.
1773304067.649917 localhost kernel: cfg80211: Loading compiled-in X.509 certificates for regulatory database
1773304067.649940 localhost kernel: Loaded X.509 cert 'sforshee: 00b28ddf47aef9cea7'
1773304067.649955 localhost kernel: Loaded X.509 cert 'wens: 61c038651aabdcf94bd0ac7ff06c7248db18c600'
1773304067.649970 localhost kernel: audit: type=1400 audit(1773304066.662:2): apparmor="STATUS" operation="profile_load" profile="unconfined" name="1password" pid=542 comm="apparmor_parser"
1773304067.649988 localhost kernel: audit: type=1400 audit(1773304066.662:3): apparmor="STATUS" operation="profile_load" profile="unconfined" name="Discord" pid=543 comm="apparmor_parser"
1773304067.650045 localhost kernel: audit: type=1400 audit(1773304066.665:4): apparmor="STATUS" operation="profile_load" profile="unconfined" name="QtWebEngineProcess" pid=548 comm="apparmor_parser"
1773304067.650067 localhost kernel: audit: type=1400 audit(1773304066.666:5): apparmor="STATUS" operation="profile_load" profile="unconfined" name=4D6F6E676F444220436F6D70617373 pid=547 comm="apparmor_parser"
1773304067.650084 localhost kernel: audit: type=1400 audit(1773304066.668:6): apparmor="STATUS" operation="profile_load" profile="unconfined" name="balena-etcher" pid=549 comm="apparmor_parser"
1773304067.650099 localhost kernel: audit: type=1400 audit(1773304066.668:7): apparmor="STATUS" operation="profile_load" profile="unconfined" name="brave" pid=550 comm="apparmor_parser"
1773304067.650113 localhost kernel: audit: type=1400 audit(1773304066.670:8): apparmor="STATUS" operation="profile_load" profile="unconfined" name="busybox" pid=552 comm="apparmor_parser"
1773304067.650127 localhost kernel: audit: type=1400 audit(1773304066.671:9): apparmor="STATUS" operation="profile_load" profile="unconfined" name="buildah" pid=551 comm="apparmor_parser"
1773304067.650143 localhost kernel: audit: type=1400 audit(1773304066.674:10): apparmor="STATUS" operation="profile_load" profile="unconfined" name="ch-checkns" pid=554 comm="apparmor_parser"
1773304067.650158 localhost kernel: audit: type=1400 audit(1773304066.675:11): apparmor="STATUS" operation="profile_load" profile="unconfined" name="cam" pid=553 comm="apparmor_parser"
1773304067.650218 localhost multipathd[358]: multipathd v0.9.4: start up
1773304067.650218 localhost multipathd[358]: reconfigure: setting up paths and maps
1773304067.650646 localhost lvm[310]:   1 logical volume(s) in volume group "ubuntu-vg" monitored
1773304054.263289 localhost systemd[1]: Finished systemd-tmpfiles-setup-dev-early.service - Create Static Device Nodes in /dev gracefully.
1773304054.264648 localhost systemd[1]: systemd-sysusers.service - Create System Users was skipped because no trigger condition checks were met.
1773304054.274084 localhost systemd[1]: Starting systemd-tmpfiles-setup-dev.service - Create Static Device Nodes in /dev...
1773304054.283169 localhost systemd[1]: Finished systemd-tmpfiles-setup-dev.service - Create Static Device Nodes in /dev.
1773304054.294183 localhost systemd[1]: Starting systemd-udevd.service - Rule-based Manager for Device Events and Files...
1773304054.612408 localhost systemd[1]: Finished lvm2-monitor.service - Monitoring of LVM2 mirrors, snapshots etc. using dmeventd or progress polling.
1773304054.658564 localhost systemd[1]: Finished systemd-udev-trigger.service - Coldplug All udev Devices.
1773304067.651653 localhost systemd-fsck[516]: /dev/sda2: clean, 317/131072 files, 50706/524288 blocks
1773304054.660138 localhost systemd-udevd[367]: Using default interface naming scheme 'v255'.
1773304054.739005 localhost systemd[1]: Finished systemd-sysctl.service - Apply Kernel Variables.
1773304067.706093 localhost apparmor.systemd[522]: Restarting AppArmor
1773304067.706093 localhost apparmor.systemd[522]: Reloading AppArmor profiles
1773304056.608507 localhost systemd[1]: Finished systemd-random-seed.service - Load/Save OS Random Seed.
1773304057.300160 localhost systemd[1]: Started multipathd.service - Device-Mapper Multipath Device Controller.
1773304057.300903 localhost systemd[1]: Reached target local-fs-pre.target - Preparation for Local File Systems.
1773304058.441796 localhost systemd[1]: Started systemd-udevd.service - Rule-based Manager for Device Events and Files.
1773304058.442745 localhost systemd[1]: plymouth-start.service - Show Plymouth Boot Screen was skipped because of an unmet condition check (ConditionKernelCommandLine=splash).
1773304058.442857 localhost systemd[1]: Started systemd-ask-password-console.path - Dispatch Password Requests to Console Directory Watch.
1773304058.443578 localhost systemd[1]: systemd-ask-password-plymouth.path - Forward Password Requests to Plymouth Directory Watch was skipped because of an unmet condition check (ConditionPathExists=/run/plymouth/pid).
1773304058.443608 localhost systemd[1]: Reached target cryptsetup.target - Local Encrypted Volumes.
1773304059.540551 localhost systemd[1]: Listening on systemd-rfkill.socket - Load/Save RF Kill Switch Status /dev/rfkill Watch.
1773304059.564221 localhost systemd[1]: Starting modprobe@dm_mod.service - Load Kernel Module dm_mod...
1773304059.577701 localhost systemd[1]: Starting modprobe@efi_pstore.service - Load Kernel Module efi_pstore...
1773304059.592869 localhost systemd[1]: Starting modprobe@loop.service - Load Kernel Module loop...
1773304059.593678 localhost systemd[1]: netplan-ovs-cleanup.service - OpenVSwitch configuration for cleanup was skipped because of an unmet condition check (ConditionFileIsExecutable=/usr/bin/ovs-vsctl).
1773304059.593748 localhost systemd[1]: plymouth-start.service - Show Plymouth Boot Screen was skipped because of an unmet condition check (ConditionKernelCommandLine=splash).
1773304059.593775 localhost systemd[1]: systemd-ask-password-plymouth.path - Forward Password Requests to Plymouth Directory Watch was skipped because of an unmet condition check (ConditionPathExists=/run/plymouth/pid).
1773304059.593819 localhost systemd[1]: systemd-fsck-root.service - File System Check on Root Device was skipped because of an unmet condition check (ConditionPathExists=!/run/initramfs/fsck-root).
1773304059.593915 localhost systemd[1]: systemd-hwdb-update.service - Rebuild Hardware Database was skipped because of an unmet condition check (ConditionNeedsUpdate=/etc).
1773304059.598901 localhost systemd[1]: systemd-pcrmachine.service - TPM2 PCR Machine ID Measurement was skipped because of an unmet condition check (ConditionSecurity=measured-uki).
1773304059.599076 localhost systemd[1]: systemd-sysusers.service - Create System Users was skipped because no trigger condition checks were met.
1773304059.599103 localhost systemd[1]: systemd-tpm2-setup-early.service - TPM2 SRK Setup (Early) was skipped because of an unmet condition check (ConditionSecurity=measured-uki).
1773304059.599114 localhost systemd[1]: systemd-tpm2-setup.service - TPM2 SRK Setup was skipped because of an unmet condition check (ConditionSecurity=measured-uki).
1773304059.599521 localhost systemd[1]: modprobe@dm_mod.service: Deactivated successfully.
1773304059.599668 localhost systemd[1]: Finished modprobe@dm_mod.service - Load Kernel Module dm_mod.
1773304059.608853 localhost systemd[1]: modprobe@efi_pstore.service: Deactivated successfully.
1773304059.609087 localhost systemd[1]: Finished modprobe@efi_pstore.service - Load Kernel Module efi_pstore.
1773304059.609733 localhost systemd[1]: systemd-pstore.service - Platform Persistent Storage Archival was skipped because of an unmet condition check (ConditionDirectoryNotEmpty=/sys/fs/pstore).
1773304059.611720 localhost systemd[1]: modprobe@loop.service: Deactivated successfully.
1773304059.611816 localhost systemd[1]: Finished modprobe@loop.service - Load Kernel Module loop.
1773304059.612635 localhost systemd[1]: systemd-repart.service - Repartition Root Disk was skipped because no trigger condition checks were met.
1773304060.985759 localhost (udev-worker)[397]: dm-0: Process '/usr/bin/unshare -m /usr/bin/snap auto-import --mount=/dev/dm-0' failed with exit code 1.
1773304060.985768 localhost (udev-worker)[383]: sr0: Process '/usr/bin/unshare -m /usr/bin/snap auto-import --mount=/dev/sr0' failed with exit code 1.
1773304061.741720 localhost (udev-worker)[384]: sda: Process '/usr/bin/unshare -m /usr/bin/snap auto-import --mount=/dev/sda' failed with exit code 1.
1773304062.830160 localhost lvm[506]: PV /dev/sda3 online, VG ubuntu-vg is complete.
1773304062.830180 localhost lvm[506]: VG ubuntu-vg finished
1773304062.856026 localhost (udev-worker)[402]: sda3: Process '/usr/bin/unshare -m /usr/bin/snap auto-import --mount=/dev/sda3' failed with exit code 1.
1773304063.172621 localhost (udev-worker)[384]: sda1: Process '/usr/bin/unshare -m /usr/bin/snap auto-import --mount=/dev/sda1' failed with exit code 1.
1773304063.665998 localhost (udev-worker)[386]: sda2: Process '/usr/bin/unshare -m /usr/bin/snap auto-import --mount=/dev/sda2' failed with exit code 1.
1773304063.673091 localhost systemd[1]: Found device dev-disk-by\x2duuid-c3f8f018\x2df5f7\x2d4a5d\x2d92a1\x2d12ee87108672.device - QEMU_HARDDISK 2.
1773304063.688801 localhost systemd[1]: Starting systemd-fsck@dev-disk-by\x2duuid-c3f8f018\x2df5f7\x2d4a5d\x2d92a1\x2d12ee87108672.service - File System Check on /dev/disk/by-uuid/c3f8f018-f5f7-4a5d-92a1-12ee87108672...
1773304063.703017 localhost systemd[1]: Started systemd-fsckd.service - File System Check Daemon to report status.
1773304064.320448 localhost systemd[1]: Finished systemd-fsck@dev-disk-by\x2duuid-c3f8f018\x2df5f7\x2d4a5d\x2d92a1\x2d12ee87108672.service - File System Check on /dev/disk/by-uuid/c3f8f018-f5f7-4a5d-92a1-12ee87108672.
1773304064.385002 localhost systemd[1]: Mounting boot.mount - /boot...
1773304064.718741 localhost systemd[1]: Mounted boot.mount - /boot.
1773304064.720523 localhost systemd[1]: Reached target local-fs.target - Local File Systems.
1773304064.876770 localhost systemd[1]: Listening on systemd-sysext.socket - System Extension Image Management (Varlink).
1773304064.885156 localhost systemd[1]: Starting apparmor.service - Load AppArmor profiles...
1773304064.891713 localhost systemd[1]: Starting console-setup.service - Set console font and keymap...
1773304064.893205 localhost systemd[1]: Starting finalrd.service - Create final runtime dir for shutdown pivot root...
1773304064.893852 localhost systemd[1]: ldconfig.service - Rebuild Dynamic Linker Cache was skipped because no trigger condition checks were met.
1773304064.908851 localhost systemd[1]: Starting plymouth-read-write.service - Tell Plymouth To Write Out Runtime Data...
1773304065.041091 localhost systemd[1]: Starting systemd-binfmt.service - Set Up Additional Binary Formats...
1773304065.043211 localhost systemd[1]: Starting ufw.service - Uncomplicated firewall...
1773304065.047460 localhost systemd[1]: Finished console-setup.service - Set console font and keymap.
1773304065.049902 localhost systemd[1]: Finished finalrd.service - Create final runtime dir for shutdown pivot root.
1773304065.051366 localhost systemd[1]: Finished plymouth-read-write.service - Tell Plymouth To Write Out Runtime Data.
1773304065.059085 localhost systemd[1]: proc-sys-fs-binfmt_misc.automount: Got automount request for /proc/sys/fs/binfmt_misc, triggered by 535 (systemd-binfmt)
1773304065.062068 localhost systemd[1]: Mounting proc-sys-fs-binfmt_misc.mount - Arbitrary Executable File Formats File System...
1773304065.071870 localhost systemd[1]: Mounted proc-sys-fs-binfmt_misc.mount - Arbitrary Executable File Formats File System.
1773304065.074815 localhost systemd[1]: Finished systemd-binfmt.service - Set Up Additional Binary Formats.
1773304065.571088 localhost systemd[1]: Finished ufw.service - Uncomplicated firewall.
1773304065.572073 localhost systemd[1]: Reached target network-pre.target - Preparation for Network.
1773304065.595147 localhost systemd[1]: Starting systemd-networkd.service - Network Configuration...
1773304066.495598 localhost systemd-networkd[540]: lo: Link UP
1773304066.495602 localhost systemd-networkd[540]: lo: Gained carrier
1773304066.497998 localhost systemd-networkd[540]: Enumeration completed
1773304066.498330 localhost systemd[1]: Started systemd-networkd.service - Network Configuration.
1773304066.500556 localhost systemd-networkd[540]: ens18: Configuring with /run/systemd/network/10-netplan-ens18.network.
1773304066.503613 localhost systemd-networkd[540]: ens18: Link UP
1773304066.503620 localhost systemd-networkd[540]: ens18: Gained carrier
1773304066.586227 localhost systemd[1]: Starting systemd-networkd-wait-online.service - Wait for Network to be Configured...
1773304066.598030 localhost systemd-networkd[540]: ens18: DHCPv4 address 172.16.9.184/23, gateway 172.16.8.1 acquired from 172.16.8.1
1773304067.512931 localhost systemd[1]: Finished apparmor.service - Load AppArmor profiles.
1773304067.540131 localhost systemd[1]: Starting snapd.apparmor.service - Load AppArmor profiles managed internally by snapd...
1773304067.743416 localhost systemd[1]: Finished systemd-journal-flush.service - Flush Journal to Persistent Storage.
1773304067.756737 localhost systemd[1]: Starting systemd-tmpfiles-setup.service - Create Volatile Files and Directories...
1773304067.800326 localhost systemd-networkd[540]: ens18: Gained IPv6LL
1773304067.884729 localhost systemd[1]: Finished systemd-networkd-wait-online.service - Wait for Network to be Configured.
1773304067.914738 localhost snapd-apparmor[648]: main.go:143: No profiles to load
1773304067.917569 localhost systemd[1]: Finished snapd.apparmor.service - Load AppArmor profiles managed internally by snapd.
1773304068.251150 localhost systemd[1]: Finished systemd-tmpfiles-setup.service - Create Volatile Files and Directories.
1773304068.254282 localhost systemd[1]: systemd-firstboot.service - First Boot Wizard was skipped because of an unmet condition check (ConditionFirstBoot=yes).
1773304068.254505 localhost systemd[1]: first-boot-complete.target - First Boot Complete was skipped because of an unmet condition check (ConditionFirstBoot=yes).
1773304068.254622 localhost systemd[1]: systemd-journal-catalog-update.service - Rebuild Journal Catalog was skipped because of an unmet condition check (ConditionNeedsUpdate=/var).
1773304068.254663 localhost systemd[1]: systemd-machine-id-commit.service - Commit a transient machine-id on disk was skipped because of an unmet condition check (ConditionPathIsMountPoint=/etc/machine-id).
1773304068.282413 localhost systemd[1]: Starting systemd-resolved.service - Network Name Resolution...
1773304068.304201 localhost systemd[1]: Starting systemd-timesyncd.service - Network Time Synchronization...
1773304068.305310 localhost systemd[1]: systemd-update-done.service - Update is Completed was skipped because no trigger condition checks were met.
1773304068.306430 localhost systemd[1]: Starting systemd-update-utmp.service - Record System Boot/Shutdown in UTMP...
1773304068.309219 localhost systemd[1]: vgauth.service - Authentication service for virtual machines hosted on VMware was skipped because of an unmet condition check (ConditionVirtualization=vmware).
1773304068.309240 localhost systemd[1]: open-vm-tools.service - Service for virtual machines hosted on VMware was skipped because of an unmet condition check (ConditionVirtualization=vmware).
1773304068.400719 localhost systemd[1]: Finished systemd-update-utmp.service - Record System Boot/Shutdown in UTMP.
1773304068.742925 localhost systemd[1]: Started systemd-timesyncd.service - Network Time Synchronization.
1773304068.760672 localhost systemd[1]: Reached target time-set.target - System Time Set.
1773304069.291748 localhost systemd-resolved[676]: Positive Trust Anchors:
1773304069.291768 localhost systemd-resolved[676]: . IN DS 20326 8 2 e06d44b80b8f1d39a95c0b0d7c65d08458e880409bbc683457104237c7f8ec8d
1773304069.291811 localhost systemd-resolved[676]: Negative trust anchors: home.arpa 10.in-addr.arpa 16.172.in-addr.arpa 17.172.in-addr.arpa 18.172.in-addr.arpa 19.172.in-addr.arpa 20.172.in-addr.arpa 21.172.in-addr.arpa 22.172.in-addr.arpa 23.172.in-addr.arpa 24.172.in-addr.arpa 25.172.in-addr.arpa 26.172.in-addr.arpa 27.172.in-addr.arpa 28.172.in-addr.arpa 29.172.in-addr.arpa 30.172.in-addr.arpa 31.172.in-addr.arpa 170.0.0.192.in-addr.arpa 171.0.0.192.in-addr.arpa 168.192.in-addr.arpa d.f.ip6.arpa ipv4only.arpa corp home internal intranet lan local private test
1773304070.472713 localhost systemd-resolved[676]: Defaulting to hostname 'linux'.
1773304070.477724 localhost systemd[1]: Started systemd-resolved.service - Network Name Resolution.
1773304070.479229 localhost systemd[1]: Reached target network.target - Network.
1773304070.486209 localhost systemd[1]: Reached target network-online.target - Network is Online.
1773304070.491151 localhost systemd[1]: Reached target nss-lookup.target - Host and Network Name Lookups.
1773304070.492122 localhost systemd[1]: Reached target sysinit.target - System Initialization.
1773304070.496942 localhost systemd[1]: apport-autoreport.path - Process error reports when automatic reporting is enabled (file watch) was skipped because of an unmet condition check (ConditionPathExists=/var/lib/apport/autoreport).
1773304070.497091 localhost systemd[1]: tpm-udev.path - Handle dynamically added tpm devices was skipped because of an unmet condition check (ConditionVirtualization=container).
1773304070.497185 localhost systemd[1]: apport-autoreport.timer - Process error reports when automatic reporting is enabled (timer based) was skipped because of an unmet condition check (ConditionPathExists=/var/lib/apport/autoreport).
1773304070.503300 localhost systemd[1]: Started apt-daily.timer - Daily apt download activities.
1773304070.505100 localhost systemd[1]: Started apt-daily-upgrade.timer - Daily apt upgrade and clean activities.
1773304070.505780 localhost systemd[1]: Started dpkg-db-backup.timer - Daily dpkg database backup timer.
1773304070.506460 localhost systemd[1]: Started e2scrub_all.timer - Periodic ext4 Online Metadata Check for All Filesystems.
1773304070.507153 localhost systemd[1]: Started fstrim.timer - Discard unused filesystem blocks once a week.
1773304070.632729 localhost systemd[1]: Started fwupd-refresh.timer - Refresh fwupd metadata regularly.
1773304070.633637 localhost systemd[1]: Started logrotate.timer - Daily rotation of log files.
1773304070.634305 localhost systemd[1]: Started man-db.timer - Daily man-db regeneration.
1773304070.635001 localhost systemd[1]: Started motd-news.timer - Message of the Day.
1773304070.635870 localhost systemd[1]: snapd.snap-repair.timer - Timer to automatically fetch and run repair assertions was skipped because no trigger condition checks were met.
1773304070.636003 localhost systemd[1]: Started sysstat-collect.timer - Run system activity accounting tool every 10 minutes.
1773304070.636606 localhost systemd[1]: Started sysstat-summary.timer - Generate summary of yesterday's process accounting.
1773304070.637160 localhost systemd[1]: Started systemd-tmpfiles-clean.timer - Daily Cleanup of Temporary Directories.
1773304070.750395 localhost systemd[1]: ua-timer.timer - Ubuntu Pro Timer for running repeated jobs was skipped because of an unmet condition check (ConditionPathExists=/var/lib/ubuntu-advantage/private/machine-token.json).
1773304070.750737 localhost systemd[1]: Started update-notifier-download.timer - Download data for packages that failed at package install time.
1773304070.753988 localhost systemd[1]: Started update-notifier-motd.timer - Check to see whether there is a new version of Ubuntu available.
1773304070.756871 localhost systemd[1]: Reached target paths.target - Path Units.
1773304070.757543 localhost systemd[1]: Reached target timers.target - Timer Units.
1773304070.758186 localhost systemd[1]: apport-forward.socket - Unix socket for apport crash forwarding was skipped because of an unmet condition check (ConditionVirtualization=container).
1773304070.763595 localhost systemd[1]: Listening on dbus.socket - D-Bus System Message Bus Socket.
1773304070.764328 localhost systemd[1]: Listening on iscsid.socket - Open-iSCSI iscsid Socket.
1773304070.777768 localhost systemd[1]: Starting lxd-installer.socket - Helper to install lxd snap on demand...
1773304070.785516 localhost systemd[1]: Starting snapd.socket - Socket activation for snappy daemon...
1773304070.806501 localhost systemd[1]: Listening on ssh.socket - OpenBSD Secure Shell server socket.
1773304070.807744 localhost systemd[1]: Listening on uuidd.socket - UUID daemon activation socket.
1773304070.843286 localhost systemd[1]: open-iscsi.service - Login to default iSCSI targets was skipped because no trigger condition checks were met.
1773304070.843522 localhost systemd[1]: Reached target remote-fs-pre.target - Preparation for Remote File Systems.
1773304070.844243 localhost systemd[1]: Reached target remote-fs.target - Remote File Systems.
1773304070.847040 localhost systemd[1]: Finished blk-availability.service - Availability of block devices.
1773304070.847749 localhost systemd[1]: systemd-pcrphase-sysinit.service - TPM2 PCR Barrier (Initialization) was skipped because of an unmet condition check (ConditionSecurity=measured-uki).
1773304070.858623 localhost systemd[1]: Listening on lxd-installer.socket - Helper to install lxd snap on demand.
1773304070.859433 localhost systemd[1]: Listening on snapd.socket - Socket activation for snappy daemon.
1773304070.860182 localhost systemd[1]: Reached target sockets.target - Socket Units.
1773304070.860767 localhost systemd[1]: Reached target basic.target - Basic System.
1773304070.876028 localhost systemd[1]: Starting apport.service - automatic crash report generation...
1773304070.882977 localhost systemd[1]: Started cron.service - Regular background program processing daemon.
1773304070.889639 localhost systemd[1]: Starting dbus.service - D-Bus System Message Bus...
1773304070.906996 localhost systemd[1]: Started dmesg.service - Save initial kernel messages after boot.
1773304071.024632 localhost (cron)[686]: cron.service: Referenced but unset environment variable evaluates to an empty string: EXTRA_OPTS
1773304071.042029 localhost cron[686]: (CRON) INFO (pidfile fd = 3)
1773304071.050614 localhost systemd[1]: Starting e2scrub_reap.service - Remove Stale Online ext4 Metadata Check Snapshots...
1773304071.051547 localhost systemd[1]: getty-static.service - getty on tty2-tty6 if dbus and logind are not available was skipped because of an unmet condition check (ConditionPathExists=!/usr/bin/dbus-daemon).
1773304071.220058 localhost systemd[1]: Starting grub-common.service - Record successful boot for GRUB...
1773304071.348387 localhost cron[686]: (CRON) INFO (Running @reboot jobs)
1773304071.588565 localhost systemd[1]: networkd-dispatcher.service - Dispatcher daemon for systemd-networkd was skipped because no trigger condition checks were met.
1773304071.598609 localhost systemd[1]: Starting polkit.service - Authorization Manager...
1773304071.658566 localhost systemd[1]: pollinate.service - Pollinate to seed the pseudo random number generator was skipped because of an unmet condition check (ConditionPathExists=!/var/cache/pollinate/seeded).
1773304071.668070 localhost systemd[1]: Started qemu-guest-agent.service - QEMU Guest Agent.
1773304071.732507 localhost systemd[1]: Starting rsyslog.service - System Logging Service...
1773304071.733076 localhost systemd[1]: secureboot-db.service - Secure Boot updates for DB and DBX was skipped because of an unmet condition check (ConditionPathExists=/sys/firmware/efi/efivars/db-d719b2cb-3d3a-4596-a3bc-dad00e67656f).
1773304071.733150 localhost systemd[1]: snapd.core-fixup.service - Automatically repair incorrect owner/permissions on core devices was skipped because no trigger condition checks were met.
1773304071.733214 localhost systemd[1]: snapd.recovery-chooser-trigger.service - Wait for the Ubuntu Core chooser trigger was skipped because of an unmet condition check (ConditionKernelCommandLine=snapd_recovery_mode).
1773304071.733236 localhost systemd[1]: Reached target getty-pre.target - Preparation for Logins.
1773304071.793632 localhost systemd[1]: Starting snapd.seeded.service - Wait until snapd is fully seeded...
1773304071.817062 localhost systemd[1]: Starting snapd.service - Snap Daemon...
1773304071.832350 localhost dbus-daemon[687]: dbus[687]: Unknown group "power" in message bus configuration file
1773304071.846677 localhost systemd[1]: Starting sysstat.service - Resets System Activity Logs...
1773304071.888356 localhost systemd[1]: Starting systemd-logind.service - User Login Management...
1773304071.895983 localhost systemd[1]: systemd-pcrphase.service - TPM2 PCR Barrier (User) was skipped because of an unmet condition check (ConditionSecurity=measured-uki).
1773304071.897032 localhost systemd[1]: Starting systemd-user-sessions.service - Permit User Sessions...
1773304071.899925 localhost systemd[1]: thermald.service - Thermal Daemon Service was skipped because of an unmet condition check (ConditionVirtualization=no).
1773304071.900045 localhost systemd[1]: ua-reboot-cmds.service - Ubuntu Pro reboot cmds was skipped because of an unmet condition check (ConditionPathExists=/var/lib/ubuntu-advantage/private/machine-token.json).
1773304071.900135 localhost systemd[1]: ubuntu-advantage.service - Ubuntu Pro Background Auto Attach was skipped because no trigger condition checks were met.
1773304071.906150 localhost systemd[1]: Starting udisks2.service - Disk Manager...
1773304071.914465 localhost systemd[1]: e2scrub_reap.service: Deactivated successfully.
1773304071.922210 localhost systemd[1]: Finished e2scrub_reap.service - Remove Stale Online ext4 Metadata Check Snapshots.
1773304072.091909 localhost kernel: kauditd_printk_skb: 109 callbacks suppressed
1773304072.091979 localhost kernel: audit: type=1400 audit(1773304072.041:121): apparmor="STATUS" operation="profile_replace" info="same as current profile, skipping" profile="unconfined" name="rsyslogd" pid=702 comm="apparmor_parser"
1773304072.114183 localhost systemd[1]: Finished sysstat.service - Resets System Activity Logs.
1773304072.198704 localhost systemd[1]: Finished systemd-user-sessions.service - Permit User Sessions.
1773304072.232382 localhost systemd-logind[701]: New seat seat0.
1773304072.238282 localhost systemd-logind[701]: Watching system buttons on /dev/input/event0 (Power Button)
1773304072.238494 localhost systemd-logind[701]: Watching system buttons on /dev/input/event1 (AT Translated Set 2 keyboard)
1773304072.294666 localhost systemd[1]: Starting plymouth-quit-wait.service - Hold until boot process finishes up...
1773304072.302519 localhost systemd[1]: Starting plymouth-quit.service - Terminate Plymouth Boot Screen...
1773304072.305583 localhost systemd[1]: Started systemd-logind.service - User Login Management.
1773304072.332730 localhost systemd[1]: Started unattended-upgrades.service - Unattended Upgrades Shutdown.
1773304072.334595 localhost systemd[1]: Finished plymouth-quit-wait.service - Hold until boot process finishes up.
1773304072.337020 localhost systemd[1]: Starting setvtrgb.service - Set console scheme...
1773304072.343535 localhost systemd[1]: Finished plymouth-quit.service - Terminate Plymouth Boot Screen.
1773304072.399264 localhost dbus-daemon[687]: [system] AppArmor D-Bus mediation is enabled
1773304072.404554 localhost systemd[1]: Started dbus.service - D-Bus System Message Bus.
1773304072.407842 localhost dbus-daemon[687]: [system] Activating systemd to hand-off: service name='org.freedesktop.hostname1' unit='dbus-org.freedesktop.hostname1.service' requested by ':1.2' (uid=998 pid=540 comm="/usr/lib/systemd/systemd-networkd" label="unconfined")
awk '{print $3, substr($0, index($0,$4))}' /var/log/auth.log | sed 's/\[[0-9]*\]//g' | sort
chage: changed password expiry for user1
chage: changed password expiry for user1
chage: changed password expiry for user2
chage: changed password expiry for user3
chfn: changed user 'user2' information
chfn: changed user 'user3' information
CRON: pam_unix(cron:session): session closed for user root
CRON: pam_unix(cron:session): session closed for user root
CRON: pam_unix(cron:session): session closed for user root
CRON: pam_unix(cron:session): session closed for user root
CRON: pam_unix(cron:session): session closed for user root
CRON: pam_unix(cron:session): session closed for user root
CRON: pam_unix(cron:session): session closed for user root
CRON: pam_unix(cron:session): session closed for user root
CRON: pam_unix(cron:session): session closed for user root
CRON: pam_unix(cron:session): session closed for user root
CRON: pam_unix(cron:session): session closed for user root
CRON: pam_unix(cron:session): session closed for user root
CRON: pam_unix(cron:session): session closed for user root
CRON: pam_unix(cron:session): session closed for user root
CRON: pam_unix(cron:session): session closed for user root
CRON: pam_unix(cron:session): session closed for user root
CRON: pam_unix(cron:session): session closed for user root
CRON: pam_unix(cron:session): session closed for user root
CRON: pam_unix(cron:session): session closed for user root
CRON: pam_unix(cron:session): session closed for user root
CRON: pam_unix(cron:session): session closed for user root
CRON: pam_unix(cron:session): session closed for user root
CRON: pam_unix(cron:session): session closed for user root
CRON: pam_unix(cron:session): session closed for user root
CRON: pam_unix(cron:session): session closed for user root
CRON: pam_unix(cron:session): session closed for user root
CRON: pam_unix(cron:session): session closed for user root
CRON: pam_unix(cron:session): session closed for user root
CRON: pam_unix(cron:session): session closed for user root
CRON: pam_unix(cron:session): session closed for user root
CRON: pam_unix(cron:session): session closed for user root
CRON: pam_unix(cron:session): session closed for user root
CRON: pam_unix(cron:session): session closed for user root
CRON: pam_unix(cron:session): session closed for user root
CRON: pam_unix(cron:session): session closed for user root
CRON: pam_unix(cron:session): session closed for user root
CRON: pam_unix(cron:session): session closed for user root
CRON: pam_unix(cron:session): session closed for user root
CRON: pam_unix(cron:session): session closed for user root
CRON: pam_unix(cron:session): session closed for user root
CRON: pam_unix(cron:session): session closed for user root
CRON: pam_unix(cron:session): session closed for user root
CRON: pam_unix(cron:session): session closed for user root
CRON: pam_unix(cron:session): session closed for user root
CRON: pam_unix(cron:session): session closed for user root
CRON: pam_unix(cron:session): session closed for user root
CRON: pam_unix(cron:session): session closed for user root
CRON: pam_unix(cron:session): session closed for user root
CRON: pam_unix(cron:session): session closed for user root
CRON: pam_unix(cron:session): session closed for user root
CRON: pam_unix(cron:session): session closed for user root
CRON: pam_unix(cron:session): session closed for user root
CRON: pam_unix(cron:session): session closed for user root
CRON: pam_unix(cron:session): session closed for user root
CRON: pam_unix(cron:session): session closed for user root
CRON: pam_unix(cron:session): session closed for user root
CRON: pam_unix(cron:session): session closed for user root
CRON: pam_unix(cron:session): session closed for user root
CRON: pam_unix(cron:session): session closed for user root
CRON: pam_unix(cron:session): session closed for user root
CRON: pam_unix(cron:session): session closed for user root
CRON: pam_unix(cron:session): session closed for user root
CRON: pam_unix(cron:session): session closed for user root
CRON: pam_unix(cron:session): session closed for user root
CRON: pam_unix(cron:session): session closed for user root
CRON: pam_unix(cron:session): session closed for user root
CRON: pam_unix(cron:session): session closed for user root
CRON: pam_unix(cron:session): session closed for user root
CRON: pam_unix(cron:session): session closed for user root
CRON: pam_unix(cron:session): session closed for user root
CRON: pam_unix(cron:session): session closed for user root
CRON: pam_unix(cron:session): session closed for user root
CRON: pam_unix(cron:session): session closed for user root
CRON: pam_unix(cron:session): session closed for user root
CRON: pam_unix(cron:session): session closed for user root
CRON: pam_unix(cron:session): session closed for user root
CRON: pam_unix(cron:session): session closed for user root
CRON: pam_unix(cron:session): session closed for user root
CRON: pam_unix(cron:session): session closed for user root
CRON: pam_unix(cron:session): session closed for user root
CRON: pam_unix(cron:session): session closed for user root
CRON: pam_unix(cron:session): session closed for user root
CRON: pam_unix(cron:session): session closed for user root
CRON: pam_unix(cron:session): session closed for user root
CRON: pam_unix(cron:session): session closed for user root
CRON: pam_unix(cron:session): session closed for user root
CRON: pam_unix(cron:session): session closed for user root
CRON: pam_unix(cron:session): session closed for user root
CRON: pam_unix(cron:session): session closed for user root
CRON: pam_unix(cron:session): session closed for user root
CRON: pam_unix(cron:session): session closed for user root
CRON: pam_unix(cron:session): session closed for user root
CRON: pam_unix(cron:session): session closed for user root
CRON: pam_unix(cron:session): session closed for user root
CRON: pam_unix(cron:session): session closed for user root
CRON: pam_unix(cron:session): session closed for user root
CRON: pam_unix(cron:session): session closed for user root
CRON: pam_unix(cron:session): session closed for user root
CRON: pam_unix(cron:session): session closed for user root
CRON: pam_unix(cron:session): session closed for user root
CRON: pam_unix(cron:session): session closed for user root
CRON: pam_unix(cron:session): session closed for user root
CRON: pam_unix(cron:session): session closed for user root
CRON: pam_unix(cron:session): session closed for user root
CRON: pam_unix(cron:session): session closed for user root
CRON: pam_unix(cron:session): session closed for user root
CRON: pam_unix(cron:session): session closed for user root
CRON: pam_unix(cron:session): session closed for user root
CRON: pam_unix(cron:session): session closed for user root
CRON: pam_unix(cron:session): session closed for user root
CRON: pam_unix(cron:session): session closed for user root
CRON: pam_unix(cron:session): session closed for user root
CRON: pam_unix(cron:session): session closed for user root
CRON: pam_unix(cron:session): session closed for user root
CRON: pam_unix(cron:session): session closed for user root
CRON: pam_unix(cron:session): session closed for user root
CRON: pam_unix(cron:session): session closed for user root
CRON: pam_unix(cron:session): session closed for user root
CRON: pam_unix(cron:session): session closed for user root
CRON: pam_unix(cron:session): session closed for user root
CRON: pam_unix(cron:session): session closed for user root
CRON: pam_unix(cron:session): session closed for user root
CRON: pam_unix(cron:session): session closed for user root
CRON: pam_unix(cron:session): session closed for user root
CRON: pam_unix(cron:session): session closed for user root
CRON: pam_unix(cron:session): session closed for user root
CRON: pam_unix(cron:session): session closed for user root
CRON: pam_unix(cron:session): session closed for user root
CRON: pam_unix(cron:session): session closed for user root
CRON: pam_unix(cron:session): session closed for user root
CRON: pam_unix(cron:session): session closed for user root
CRON: pam_unix(cron:session): session closed for user root
CRON: pam_unix(cron:session): session closed for user root
CRON: pam_unix(cron:session): session closed for user root
CRON: pam_unix(cron:session): session closed for user root
CRON: pam_unix(cron:session): session closed for user root
CRON: pam_unix(cron:session): session closed for user root
CRON: pam_unix(cron:session): session closed for user root
CRON: pam_unix(cron:session): session closed for user root
CRON: pam_unix(cron:session): session closed for user root
CRON: pam_unix(cron:session): session closed for user root
CRON: pam_unix(cron:session): session closed for user root
CRON: pam_unix(cron:session): session closed for user root
CRON: pam_unix(cron:session): session closed for user root
CRON: pam_unix(cron:session): session closed for user root
CRON: pam_unix(cron:session): session closed for user root
CRON: pam_unix(cron:session): session closed for user root
CRON: pam_unix(cron:session): session closed for user root
CRON: pam_unix(cron:session): session closed for user root
CRON: pam_unix(cron:session): session closed for user root
CRON: pam_unix(cron:session): session closed for user root
CRON: pam_unix(cron:session): session closed for user root
CRON: pam_unix(cron:session): session closed for user root
CRON: pam_unix(cron:session): session closed for user root
CRON: pam_unix(cron:session): session closed for user root
CRON: pam_unix(cron:session): session closed for user root
CRON: pam_unix(cron:session): session closed for user root
CRON: pam_unix(cron:session): session closed for user root
CRON: pam_unix(cron:session): session closed for user root
CRON: pam_unix(cron:session): session closed for user root
CRON: pam_unix(cron:session): session closed for user root
CRON: pam_unix(cron:session): session closed for user root
CRON: pam_unix(cron:session): session closed for user root
CRON: pam_unix(cron:session): session closed for user root
CRON: pam_unix(cron:session): session closed for user root
CRON: pam_unix(cron:session): session closed for user root
CRON: pam_unix(cron:session): session closed for user root
CRON: pam_unix(cron:session): session closed for user root
CRON: pam_unix(cron:session): session closed for user root
CRON: pam_unix(cron:session): session closed for user root
CRON: pam_unix(cron:session): session closed for user root
CRON: pam_unix(cron:session): session closed for user root
CRON: pam_unix(cron:session): session closed for user root
CRON: pam_unix(cron:session): session closed for user root
CRON: pam_unix(cron:session): session closed for user root
CRON: pam_unix(cron:session): session closed for user root
CRON: pam_unix(cron:session): session closed for user root
CRON: pam_unix(cron:session): session closed for user root
CRON: pam_unix(cron:session): session closed for user root
CRON: pam_unix(cron:session): session closed for user root
CRON: pam_unix(cron:session): session closed for user root
CRON: pam_unix(cron:session): session closed for user root
CRON: pam_unix(cron:session): session closed for user root
CRON: pam_unix(cron:session): session closed for user root
CRON: pam_unix(cron:session): session closed for user root
CRON: pam_unix(cron:session): session closed for user root
CRON: pam_unix(cron:session): session closed for user root
CRON: pam_unix(cron:session): session closed for user root
CRON: pam_unix(cron:session): session closed for user root
CRON: pam_unix(cron:session): session closed for user root
CRON: pam_unix(cron:session): session closed for user root
CRON: pam_unix(cron:session): session closed for user root
CRON: pam_unix(cron:session): session closed for user root
CRON: pam_unix(cron:session): session closed for user root
CRON: pam_unix(cron:session): session closed for user root
CRON: pam_unix(cron:session): session closed for user root
CRON: pam_unix(cron:session): session closed for user root
CRON: pam_unix(cron:session): session closed for user root
CRON: pam_unix(cron:session): session closed for user root
CRON: pam_unix(cron:session): session closed for user root
CRON: pam_unix(cron:session): session closed for user root
CRON: pam_unix(cron:session): session closed for user root
CRON: pam_unix(cron:session): session closed for user root
CRON: pam_unix(cron:session): session closed for user root
CRON: pam_unix(cron:session): session closed for user root
CRON: pam_unix(cron:session): session closed for user root
CRON: pam_unix(cron:session): session closed for user root
CRON: pam_unix(cron:session): session closed for user root
CRON: pam_unix(cron:session): session closed for user root
CRON: pam_unix(cron:session): session closed for user root
CRON: pam_unix(cron:session): session closed for user root
CRON: pam_unix(cron:session): session closed for user root
CRON: pam_unix(cron:session): session closed for user root
CRON: pam_unix(cron:session): session closed for user root
CRON: pam_unix(cron:session): session closed for user root
CRON: pam_unix(cron:session): session closed for user root
CRON: pam_unix(cron:session): session closed for user root
CRON: pam_unix(cron:session): session closed for user root
CRON: pam_unix(cron:session): session closed for user root
CRON: pam_unix(cron:session): session closed for user root
CRON: pam_unix(cron:session): session closed for user root
CRON: pam_unix(cron:session): session closed for user root
CRON: pam_unix(cron:session): session closed for user root
CRON: pam_unix(cron:session): session closed for user root
CRON: pam_unix(cron:session): session closed for user root
CRON: pam_unix(cron:session): session closed for user root
CRON: pam_unix(cron:session): session closed for user root
CRON: pam_unix(cron:session): session closed for user root
CRON: pam_unix(cron:session): session closed for user root
CRON: pam_unix(cron:session): session closed for user root
CRON: pam_unix(cron:session): session closed for user root
CRON: pam_unix(cron:session): session closed for user root
CRON: pam_unix(cron:session): session closed for user root
CRON: pam_unix(cron:session): session closed for user root
CRON: pam_unix(cron:session): session closed for user root
CRON: pam_unix(cron:session): session closed for user root
CRON: pam_unix(cron:session): session closed for user root
CRON: pam_unix(cron:session): session closed for user root
CRON: pam_unix(cron:session): session closed for user root
CRON: pam_unix(cron:session): session closed for user root
CRON: pam_unix(cron:session): session closed for user root
CRON: pam_unix(cron:session): session closed for user root
CRON: pam_unix(cron:session): session closed for user root
CRON: pam_unix(cron:session): session closed for user root
CRON: pam_unix(cron:session): session closed for user root
CRON: pam_unix(cron:session): session closed for user root
CRON: pam_unix(cron:session): session closed for user root
CRON: pam_unix(cron:session): session closed for user root
CRON: pam_unix(cron:session): session closed for user root
CRON: pam_unix(cron:session): session closed for user root
CRON: pam_unix(cron:session): session closed for user root
CRON: pam_unix(cron:session): session closed for user root
CRON: pam_unix(cron:session): session closed for user root
CRON: pam_unix(cron:session): session closed for user root
CRON: pam_unix(cron:session): session closed for user root
CRON: pam_unix(cron:session): session closed for user root
CRON: pam_unix(cron:session): session closed for user root
CRON: pam_unix(cron:session): session closed for user root
CRON: pam_unix(cron:session): session closed for user root
CRON: pam_unix(cron:session): session closed for user root
CRON: pam_unix(cron:session): session closed for user root
CRON: pam_unix(cron:session): session closed for user root
CRON: pam_unix(cron:session): session closed for user root
CRON: pam_unix(cron:session): session closed for user root
CRON: pam_unix(cron:session): session closed for user root
CRON: pam_unix(cron:session): session closed for user root
CRON: pam_unix(cron:session): session closed for user root
CRON: pam_unix(cron:session): session closed for user root
CRON: pam_unix(cron:session): session closed for user root
CRON: pam_unix(cron:session): session closed for user root
CRON: pam_unix(cron:session): session closed for user root
CRON: pam_unix(cron:session): session closed for user root
CRON: pam_unix(cron:session): session closed for user root
CRON: pam_unix(cron:session): session closed for user root
CRON: pam_unix(cron:session): session closed for user root
CRON: pam_unix(cron:session): session closed for user root
CRON: pam_unix(cron:session): session closed for user root
CRON: pam_unix(cron:session): session closed for user root
CRON: pam_unix(cron:session): session closed for user root
CRON: pam_unix(cron:session): session closed for user root
CRON: pam_unix(cron:session): session closed for user root
CRON: pam_unix(cron:session): session closed for user root
CRON: pam_unix(cron:session): session closed for user root
CRON: pam_unix(cron:session): session closed for user root
CRON: pam_unix(cron:session): session closed for user root
CRON: pam_unix(cron:session): session closed for user root
CRON: pam_unix(cron:session): session closed for user root
CRON: pam_unix(cron:session): session closed for user root
CRON: pam_unix(cron:session): session closed for user root
CRON: pam_unix(cron:session): session closed for user root
CRON: pam_unix(cron:session): session opened for user root(uid=0) by root(uid=0)
CRON: pam_unix(cron:session): session opened for user root(uid=0) by root(uid=0)
CRON: pam_unix(cron:session): session opened for user root(uid=0) by root(uid=0)
CRON: pam_unix(cron:session): session opened for user root(uid=0) by root(uid=0)
CRON: pam_unix(cron:session): session opened for user root(uid=0) by root(uid=0)
CRON: pam_unix(cron:session): session opened for user root(uid=0) by root(uid=0)
CRON: pam_unix(cron:session): session opened for user root(uid=0) by root(uid=0)
CRON: pam_unix(cron:session): session opened for user root(uid=0) by root(uid=0)
CRON: pam_unix(cron:session): session opened for user root(uid=0) by root(uid=0)
CRON: pam_unix(cron:session): session opened for user root(uid=0) by root(uid=0)
CRON: pam_unix(cron:session): session opened for user root(uid=0) by root(uid=0)
CRON: pam_unix(cron:session): session opened for user root(uid=0) by root(uid=0)
CRON: pam_unix(cron:session): session opened for user root(uid=0) by root(uid=0)
CRON: pam_unix(cron:session): session opened for user root(uid=0) by root(uid=0)
CRON: pam_unix(cron:session): session opened for user root(uid=0) by root(uid=0)
CRON: pam_unix(cron:session): session opened for user root(uid=0) by root(uid=0)
CRON: pam_unix(cron:session): session opened for user root(uid=0) by root(uid=0)
CRON: pam_unix(cron:session): session opened for user root(uid=0) by root(uid=0)
CRON: pam_unix(cron:session): session opened for user root(uid=0) by root(uid=0)
CRON: pam_unix(cron:session): session opened for user root(uid=0) by root(uid=0)
CRON: pam_unix(cron:session): session opened for user root(uid=0) by root(uid=0)
CRON: pam_unix(cron:session): session opened for user root(uid=0) by root(uid=0)
CRON: pam_unix(cron:session): session opened for user root(uid=0) by root(uid=0)
CRON: pam_unix(cron:session): session opened for user root(uid=0) by root(uid=0)
CRON: pam_unix(cron:session): session opened for user root(uid=0) by root(uid=0)
CRON: pam_unix(cron:session): session opened for user root(uid=0) by root(uid=0)
CRON: pam_unix(cron:session): session opened for user root(uid=0) by root(uid=0)
CRON: pam_unix(cron:session): session opened for user root(uid=0) by root(uid=0)
CRON: pam_unix(cron:session): session opened for user root(uid=0) by root(uid=0)
CRON: pam_unix(cron:session): session opened for user root(uid=0) by root(uid=0)
CRON: pam_unix(cron:session): session opened for user root(uid=0) by root(uid=0)
CRON: pam_unix(cron:session): session opened for user root(uid=0) by root(uid=0)
CRON: pam_unix(cron:session): session opened for user root(uid=0) by root(uid=0)
CRON: pam_unix(cron:session): session opened for user root(uid=0) by root(uid=0)
CRON: pam_unix(cron:session): session opened for user root(uid=0) by root(uid=0)
CRON: pam_unix(cron:session): session opened for user root(uid=0) by root(uid=0)
CRON: pam_unix(cron:session): session opened for user root(uid=0) by root(uid=0)
CRON: pam_unix(cron:session): session opened for user root(uid=0) by root(uid=0)
CRON: pam_unix(cron:session): session opened for user root(uid=0) by root(uid=0)
CRON: pam_unix(cron:session): session opened for user root(uid=0) by root(uid=0)
CRON: pam_unix(cron:session): session opened for user root(uid=0) by root(uid=0)
CRON: pam_unix(cron:session): session opened for user root(uid=0) by root(uid=0)
CRON: pam_unix(cron:session): session opened for user root(uid=0) by root(uid=0)
CRON: pam_unix(cron:session): session opened for user root(uid=0) by root(uid=0)
CRON: pam_unix(cron:session): session opened for user root(uid=0) by root(uid=0)
CRON: pam_unix(cron:session): session opened for user root(uid=0) by root(uid=0)
CRON: pam_unix(cron:session): session opened for user root(uid=0) by root(uid=0)
CRON: pam_unix(cron:session): session opened for user root(uid=0) by root(uid=0)
CRON: pam_unix(cron:session): session opened for user root(uid=0) by root(uid=0)
CRON: pam_unix(cron:session): session opened for user root(uid=0) by root(uid=0)
CRON: pam_unix(cron:session): session opened for user root(uid=0) by root(uid=0)
CRON: pam_unix(cron:session): session opened for user root(uid=0) by root(uid=0)
CRON: pam_unix(cron:session): session opened for user root(uid=0) by root(uid=0)
CRON: pam_unix(cron:session): session opened for user root(uid=0) by root(uid=0)
CRON: pam_unix(cron:session): session opened for user root(uid=0) by root(uid=0)
CRON: pam_unix(cron:session): session opened for user root(uid=0) by root(uid=0)
CRON: pam_unix(cron:session): session opened for user root(uid=0) by root(uid=0)
CRON: pam_unix(cron:session): session opened for user root(uid=0) by root(uid=0)
CRON: pam_unix(cron:session): session opened for user root(uid=0) by root(uid=0)
CRON: pam_unix(cron:session): session opened for user root(uid=0) by root(uid=0)
CRON: pam_unix(cron:session): session opened for user root(uid=0) by root(uid=0)
CRON: pam_unix(cron:session): session opened for user root(uid=0) by root(uid=0)
CRON: pam_unix(cron:session): session opened for user root(uid=0) by root(uid=0)
CRON: pam_unix(cron:session): session opened for user root(uid=0) by root(uid=0)
CRON: pam_unix(cron:session): session opened for user root(uid=0) by root(uid=0)
CRON: pam_unix(cron:session): session opened for user root(uid=0) by root(uid=0)
CRON: pam_unix(cron:session): session opened for user root(uid=0) by root(uid=0)
CRON: pam_unix(cron:session): session opened for user root(uid=0) by root(uid=0)
CRON: pam_unix(cron:session): session opened for user root(uid=0) by root(uid=0)
CRON: pam_unix(cron:session): session opened for user root(uid=0) by root(uid=0)
CRON: pam_unix(cron:session): session opened for user root(uid=0) by root(uid=0)
CRON: pam_unix(cron:session): session opened for user root(uid=0) by root(uid=0)
CRON: pam_unix(cron:session): session opened for user root(uid=0) by root(uid=0)
CRON: pam_unix(cron:session): session opened for user root(uid=0) by root(uid=0)
CRON: pam_unix(cron:session): session opened for user root(uid=0) by root(uid=0)
CRON: pam_unix(cron:session): session opened for user root(uid=0) by root(uid=0)
CRON: pam_unix(cron:session): session opened for user root(uid=0) by root(uid=0)
CRON: pam_unix(cron:session): session opened for user root(uid=0) by root(uid=0)
CRON: pam_unix(cron:session): session opened for user root(uid=0) by root(uid=0)
CRON: pam_unix(cron:session): session opened for user root(uid=0) by root(uid=0)
CRON: pam_unix(cron:session): session opened for user root(uid=0) by root(uid=0)
CRON: pam_unix(cron:session): session opened for user root(uid=0) by root(uid=0)
CRON: pam_unix(cron:session): session opened for user root(uid=0) by root(uid=0)
CRON: pam_unix(cron:session): session opened for user root(uid=0) by root(uid=0)
CRON: pam_unix(cron:session): session opened for user root(uid=0) by root(uid=0)
CRON: pam_unix(cron:session): session opened for user root(uid=0) by root(uid=0)
CRON: pam_unix(cron:session): session opened for user root(uid=0) by root(uid=0)
CRON: pam_unix(cron:session): session opened for user root(uid=0) by root(uid=0)
CRON: pam_unix(cron:session): session opened for user root(uid=0) by root(uid=0)
CRON: pam_unix(cron:session): session opened for user root(uid=0) by root(uid=0)
CRON: pam_unix(cron:session): session opened for user root(uid=0) by root(uid=0)
CRON: pam_unix(cron:session): session opened for user root(uid=0) by root(uid=0)
CRON: pam_unix(cron:session): session opened for user root(uid=0) by root(uid=0)
CRON: pam_unix(cron:session): session opened for user root(uid=0) by root(uid=0)
CRON: pam_unix(cron:session): session opened for user root(uid=0) by root(uid=0)
CRON: pam_unix(cron:session): session opened for user root(uid=0) by root(uid=0)
CRON: pam_unix(cron:session): session opened for user root(uid=0) by root(uid=0)
CRON: pam_unix(cron:session): session opened for user root(uid=0) by root(uid=0)
CRON: pam_unix(cron:session): session opened for user root(uid=0) by root(uid=0)
CRON: pam_unix(cron:session): session opened for user root(uid=0) by root(uid=0)
CRON: pam_unix(cron:session): session opened for user root(uid=0) by root(uid=0)
CRON: pam_unix(cron:session): session opened for user root(uid=0) by root(uid=0)
CRON: pam_unix(cron:session): session opened for user root(uid=0) by root(uid=0)
CRON: pam_unix(cron:session): session opened for user root(uid=0) by root(uid=0)
CRON: pam_unix(cron:session): session opened for user root(uid=0) by root(uid=0)
CRON: pam_unix(cron:session): session opened for user root(uid=0) by root(uid=0)
CRON: pam_unix(cron:session): session opened for user root(uid=0) by root(uid=0)
CRON: pam_unix(cron:session): session opened for user root(uid=0) by root(uid=0)
CRON: pam_unix(cron:session): session opened for user root(uid=0) by root(uid=0)
CRON: pam_unix(cron:session): session opened for user root(uid=0) by root(uid=0)
CRON: pam_unix(cron:session): session opened for user root(uid=0) by root(uid=0)
CRON: pam_unix(cron:session): session opened for user root(uid=0) by root(uid=0)
CRON: pam_unix(cron:session): session opened for user root(uid=0) by root(uid=0)
CRON: pam_unix(cron:session): session opened for user root(uid=0) by root(uid=0)
CRON: pam_unix(cron:session): session opened for user root(uid=0) by root(uid=0)
CRON: pam_unix(cron:session): session opened for user root(uid=0) by root(uid=0)
CRON: pam_unix(cron:session): session opened for user root(uid=0) by root(uid=0)
CRON: pam_unix(cron:session): session opened for user root(uid=0) by root(uid=0)
CRON: pam_unix(cron:session): session opened for user root(uid=0) by root(uid=0)
CRON: pam_unix(cron:session): session opened for user root(uid=0) by root(uid=0)
CRON: pam_unix(cron:session): session opened for user root(uid=0) by root(uid=0)
CRON: pam_unix(cron:session): session opened for user root(uid=0) by root(uid=0)
CRON: pam_unix(cron:session): session opened for user root(uid=0) by root(uid=0)
CRON: pam_unix(cron:session): session opened for user root(uid=0) by root(uid=0)
CRON: pam_unix(cron:session): session opened for user root(uid=0) by root(uid=0)
CRON: pam_unix(cron:session): session opened for user root(uid=0) by root(uid=0)
CRON: pam_unix(cron:session): session opened for user root(uid=0) by root(uid=0)
CRON: pam_unix(cron:session): session opened for user root(uid=0) by root(uid=0)
CRON: pam_unix(cron:session): session opened for user root(uid=0) by root(uid=0)
CRON: pam_unix(cron:session): session opened for user root(uid=0) by root(uid=0)
CRON: pam_unix(cron:session): session opened for user root(uid=0) by root(uid=0)
CRON: pam_unix(cron:session): session opened for user root(uid=0) by root(uid=0)
CRON: pam_unix(cron:session): session opened for user root(uid=0) by root(uid=0)
CRON: pam_unix(cron:session): session opened for user root(uid=0) by root(uid=0)
CRON: pam_unix(cron:session): session opened for user root(uid=0) by root(uid=0)
CRON: pam_unix(cron:session): session opened for user root(uid=0) by root(uid=0)
CRON: pam_unix(cron:session): session opened for user root(uid=0) by root(uid=0)
CRON: pam_unix(cron:session): session opened for user root(uid=0) by root(uid=0)
CRON: pam_unix(cron:session): session opened for user root(uid=0) by root(uid=0)
CRON: pam_unix(cron:session): session opened for user root(uid=0) by root(uid=0)
CRON: pam_unix(cron:session): session opened for user root(uid=0) by root(uid=0)
CRON: pam_unix(cron:session): session opened for user root(uid=0) by root(uid=0)
CRON: pam_unix(cron:session): session opened for user root(uid=0) by root(uid=0)
CRON: pam_unix(cron:session): session opened for user root(uid=0) by root(uid=0)
CRON: pam_unix(cron:session): session opened for user root(uid=0) by root(uid=0)
CRON: pam_unix(cron:session): session opened for user root(uid=0) by root(uid=0)
CRON: pam_unix(cron:session): session opened for user root(uid=0) by root(uid=0)
CRON: pam_unix(cron:session): session opened for user root(uid=0) by root(uid=0)
CRON: pam_unix(cron:session): session opened for user root(uid=0) by root(uid=0)
CRON: pam_unix(cron:session): session opened for user root(uid=0) by root(uid=0)
CRON: pam_unix(cron:session): session opened for user root(uid=0) by root(uid=0)
CRON: pam_unix(cron:session): session opened for user root(uid=0) by root(uid=0)
CRON: pam_unix(cron:session): session opened for user root(uid=0) by root(uid=0)
CRON: pam_unix(cron:session): session opened for user root(uid=0) by root(uid=0)
CRON: pam_unix(cron:session): session opened for user root(uid=0) by root(uid=0)
CRON: pam_unix(cron:session): session opened for user root(uid=0) by root(uid=0)
CRON: pam_unix(cron:session): session opened for user root(uid=0) by root(uid=0)
CRON: pam_unix(cron:session): session opened for user root(uid=0) by root(uid=0)
CRON: pam_unix(cron:session): session opened for user root(uid=0) by root(uid=0)
CRON: pam_unix(cron:session): session opened for user root(uid=0) by root(uid=0)
CRON: pam_unix(cron:session): session opened for user root(uid=0) by root(uid=0)
CRON: pam_unix(cron:session): session opened for user root(uid=0) by root(uid=0)
CRON: pam_unix(cron:session): session opened for user root(uid=0) by root(uid=0)
CRON: pam_unix(cron:session): session opened for user root(uid=0) by root(uid=0)
CRON: pam_unix(cron:session): session opened for user root(uid=0) by root(uid=0)
CRON: pam_unix(cron:session): session opened for user root(uid=0) by root(uid=0)
CRON: pam_unix(cron:session): session opened for user root(uid=0) by root(uid=0)
CRON: pam_unix(cron:session): session opened for user root(uid=0) by root(uid=0)
CRON: pam_unix(cron:session): session opened for user root(uid=0) by root(uid=0)
CRON: pam_unix(cron:session): session opened for user root(uid=0) by root(uid=0)
CRON: pam_unix(cron:session): session opened for user root(uid=0) by root(uid=0)
CRON: pam_unix(cron:session): session opened for user root(uid=0) by root(uid=0)
CRON: pam_unix(cron:session): session opened for user root(uid=0) by root(uid=0)
CRON: pam_unix(cron:session): session opened for user root(uid=0) by root(uid=0)
CRON: pam_unix(cron:session): session opened for user root(uid=0) by root(uid=0)
CRON: pam_unix(cron:session): session opened for user root(uid=0) by root(uid=0)
CRON: pam_unix(cron:session): session opened for user root(uid=0) by root(uid=0)
CRON: pam_unix(cron:session): session opened for user root(uid=0) by root(uid=0)
CRON: pam_unix(cron:session): session opened for user root(uid=0) by root(uid=0)
CRON: pam_unix(cron:session): session opened for user root(uid=0) by root(uid=0)
CRON: pam_unix(cron:session): session opened for user root(uid=0) by root(uid=0)
CRON: pam_unix(cron:session): session opened for user root(uid=0) by root(uid=0)
CRON: pam_unix(cron:session): session opened for user root(uid=0) by root(uid=0)
CRON: pam_unix(cron:session): session opened for user root(uid=0) by root(uid=0)
CRON: pam_unix(cron:session): session opened for user root(uid=0) by root(uid=0)
CRON: pam_unix(cron:session): session opened for user root(uid=0) by root(uid=0)
CRON: pam_unix(cron:session): session opened for user root(uid=0) by root(uid=0)
CRON: pam_unix(cron:session): session opened for user root(uid=0) by root(uid=0)
CRON: pam_unix(cron:session): session opened for user root(uid=0) by root(uid=0)
CRON: pam_unix(cron:session): session opened for user root(uid=0) by root(uid=0)
CRON: pam_unix(cron:session): session opened for user root(uid=0) by root(uid=0)
CRON: pam_unix(cron:session): session opened for user root(uid=0) by root(uid=0)
CRON: pam_unix(cron:session): session opened for user root(uid=0) by root(uid=0)
CRON: pam_unix(cron:session): session opened for user root(uid=0) by root(uid=0)
CRON: pam_unix(cron:session): session opened for user root(uid=0) by root(uid=0)
CRON: pam_unix(cron:session): session opened for user root(uid=0) by root(uid=0)
CRON: pam_unix(cron:session): session opened for user root(uid=0) by root(uid=0)
CRON: pam_unix(cron:session): session opened for user root(uid=0) by root(uid=0)
CRON: pam_unix(cron:session): session opened for user root(uid=0) by root(uid=0)
CRON: pam_unix(cron:session): session opened for user root(uid=0) by root(uid=0)
CRON: pam_unix(cron:session): session opened for user root(uid=0) by root(uid=0)
CRON: pam_unix(cron:session): session opened for user root(uid=0) by root(uid=0)
CRON: pam_unix(cron:session): session opened for user root(uid=0) by root(uid=0)
CRON: pam_unix(cron:session): session opened for user root(uid=0) by root(uid=0)
CRON: pam_unix(cron:session): session opened for user root(uid=0) by root(uid=0)
CRON: pam_unix(cron:session): session opened for user root(uid=0) by root(uid=0)
CRON: pam_unix(cron:session): session opened for user root(uid=0) by root(uid=0)
CRON: pam_unix(cron:session): session opened for user root(uid=0) by root(uid=0)
CRON: pam_unix(cron:session): session opened for user root(uid=0) by root(uid=0)
CRON: pam_unix(cron:session): session opened for user root(uid=0) by root(uid=0)
CRON: pam_unix(cron:session): session opened for user root(uid=0) by root(uid=0)
CRON: pam_unix(cron:session): session opened for user root(uid=0) by root(uid=0)
CRON: pam_unix(cron:session): session opened for user root(uid=0) by root(uid=0)
CRON: pam_unix(cron:session): session opened for user root(uid=0) by root(uid=0)
CRON: pam_unix(cron:session): session opened for user root(uid=0) by root(uid=0)
CRON: pam_unix(cron:session): session opened for user root(uid=0) by root(uid=0)
CRON: pam_unix(cron:session): session opened for user root(uid=0) by root(uid=0)
CRON: pam_unix(cron:session): session opened for user root(uid=0) by root(uid=0)
CRON: pam_unix(cron:session): session opened for user root(uid=0) by root(uid=0)
CRON: pam_unix(cron:session): session opened for user root(uid=0) by root(uid=0)
CRON: pam_unix(cron:session): session opened for user root(uid=0) by root(uid=0)
CRON: pam_unix(cron:session): session opened for user root(uid=0) by root(uid=0)
CRON: pam_unix(cron:session): session opened for user root(uid=0) by root(uid=0)
CRON: pam_unix(cron:session): session opened for user root(uid=0) by root(uid=0)
CRON: pam_unix(cron:session): session opened for user root(uid=0) by root(uid=0)
CRON: pam_unix(cron:session): session opened for user root(uid=0) by root(uid=0)
CRON: pam_unix(cron:session): session opened for user root(uid=0) by root(uid=0)
CRON: pam_unix(cron:session): session opened for user root(uid=0) by root(uid=0)
CRON: pam_unix(cron:session): session opened for user root(uid=0) by root(uid=0)
CRON: pam_unix(cron:session): session opened for user root(uid=0) by root(uid=0)
CRON: pam_unix(cron:session): session opened for user root(uid=0) by root(uid=0)
CRON: pam_unix(cron:session): session opened for user root(uid=0) by root(uid=0)
CRON: pam_unix(cron:session): session opened for user root(uid=0) by root(uid=0)
CRON: pam_unix(cron:session): session opened for user root(uid=0) by root(uid=0)
CRON: pam_unix(cron:session): session opened for user root(uid=0) by root(uid=0)
CRON: pam_unix(cron:session): session opened for user root(uid=0) by root(uid=0)
CRON: pam_unix(cron:session): session opened for user root(uid=0) by root(uid=0)
CRON: pam_unix(cron:session): session opened for user root(uid=0) by root(uid=0)
CRON: pam_unix(cron:session): session opened for user root(uid=0) by root(uid=0)
CRON: pam_unix(cron:session): session opened for user root(uid=0) by root(uid=0)
CRON: pam_unix(cron:session): session opened for user root(uid=0) by root(uid=0)
CRON: pam_unix(cron:session): session opened for user root(uid=0) by root(uid=0)
CRON: pam_unix(cron:session): session opened for user root(uid=0) by root(uid=0)
CRON: pam_unix(cron:session): session opened for user root(uid=0) by root(uid=0)
CRON: pam_unix(cron:session): session opened for user root(uid=0) by root(uid=0)
CRON: pam_unix(cron:session): session opened for user root(uid=0) by root(uid=0)
CRON: pam_unix(cron:session): session opened for user root(uid=0) by root(uid=0)
CRON: pam_unix(cron:session): session opened for user root(uid=0) by root(uid=0)
CRON: pam_unix(cron:session): session opened for user root(uid=0) by root(uid=0)
CRON: pam_unix(cron:session): session opened for user root(uid=0) by root(uid=0)
CRON: pam_unix(cron:session): session opened for user root(uid=0) by root(uid=0)
CRON: pam_unix(cron:session): session opened for user root(uid=0) by root(uid=0)
CRON: pam_unix(cron:session): session opened for user root(uid=0) by root(uid=0)
CRON: pam_unix(cron:session): session opened for user root(uid=0) by root(uid=0)
CRON: pam_unix(cron:session): session opened for user root(uid=0) by root(uid=0)
CRON: pam_unix(cron:session): session opened for user root(uid=0) by root(uid=0)
CRON: pam_unix(cron:session): session opened for user root(uid=0) by root(uid=0)
CRON: pam_unix(cron:session): session opened for user root(uid=0) by root(uid=0)
CRON: pam_unix(cron:session): session opened for user root(uid=0) by root(uid=0)
CRON: pam_unix(cron:session): session opened for user root(uid=0) by root(uid=0)
CRON: pam_unix(cron:session): session opened for user root(uid=0) by root(uid=0)
CRON: pam_unix(cron:session): session opened for user root(uid=0) by root(uid=0)
CRON: pam_unix(cron:session): session opened for user root(uid=0) by root(uid=0)
CRON: pam_unix(cron:session): session opened for user root(uid=0) by root(uid=0)
CRON: pam_unix(cron:session): session opened for user root(uid=0) by root(uid=0)
CRON: pam_unix(cron:session): session opened for user root(uid=0) by root(uid=0)
CRON: pam_unix(cron:session): session opened for user root(uid=0) by root(uid=0)
CRON: pam_unix(cron:session): session opened for user root(uid=0) by root(uid=0)
CRON: pam_unix(cron:session): session opened for user root(uid=0) by root(uid=0)
CRON: pam_unix(cron:session): session opened for user root(uid=0) by root(uid=0)
CRON: pam_unix(cron:session): session opened for user root(uid=0) by root(uid=0)
CRON: pam_unix(cron:session): session opened for user root(uid=0) by root(uid=0)
CRON: pam_unix(cron:session): session opened for user root(uid=0) by root(uid=0)
CRON: pam_unix(cron:session): session opened for user root(uid=0) by root(uid=0)
CRON: pam_unix(cron:session): session opened for user root(uid=0) by root(uid=0)
CRON: pam_unix(cron:session): session opened for user root(uid=0) by root(uid=0)
CRON: pam_unix(cron:session): session opened for user root(uid=0) by root(uid=0)
CRON: pam_unix(cron:session): session opened for user root(uid=0) by root(uid=0)
CRON: pam_unix(cron:session): session opened for user root(uid=0) by root(uid=0)
CRON: pam_unix(cron:session): session opened for user root(uid=0) by root(uid=0)
CRON: pam_unix(cron:session): session opened for user root(uid=0) by root(uid=0)
CRON: pam_unix(cron:session): session opened for user root(uid=0) by root(uid=0)
CRON: pam_unix(cron:session): session opened for user root(uid=0) by root(uid=0)
CRON: pam_unix(cron:session): session opened for user root(uid=0) by root(uid=0)
CRON: pam_unix(cron:session): session opened for user root(uid=0) by root(uid=0)
CRON: pam_unix(cron:session): session opened for user root(uid=0) by root(uid=0)
CRON: pam_unix(cron:session): session opened for user root(uid=0) by root(uid=0)
CRON: pam_unix(cron:session): session opened for user root(uid=0) by root(uid=0)
CRON: pam_unix(cron:session): session opened for user root(uid=0) by root(uid=0)
CRON: pam_unix(cron:session): session opened for user root(uid=0) by root(uid=0)
gpasswd: members of group users set by root to user2
gpasswd: members of group users set by root to user2,user3
groupadd: groupadd: group added to /etc/group: name=eltex_group, GID=1004
groupadd: groupadd: group added to /etc/group: name=user2, GID=1002
groupadd: groupadd: group added to /etc/group: name=user3, GID=1003
groupadd: groupadd: group added to /etc/gshadow: name=eltex_group
groupadd: groupadd: group added to /etc/gshadow: name=user2
groupadd: groupadd: group added to /etc/gshadow: name=user3
groupadd: new group: name=eltex_group, GID=1004
groupadd: new group: name=user2, GID=1002
groupadd: new group: name=user3, GID=1003
nologin: Attempted login by root (UID: 1003) on /dev/pts/0
nologin: Attempted login by root (UID: 1003) on /dev/pts/0
nologin: Attempted login by root (UID: 1003) on /dev/pts/0
nologin: Attempted login by root (UID: 1003) on /dev/pts/0
nologin: Attempted login by root (UID: 1003) on /dev/pts/0
nologin: Attempted login by root (UID: 1003) on UNKNOWN
nologin: Attempted login by root (UID: 1003) on UNKNOWN
passwd: pam_unix(passwd:chauthtok): password changed for user1
passwd: pam_unix(passwd:chauthtok): password changed for user2
passwd: pam_unix(passwd:chauthtok): password changed for user3
(sd-pam): pam_unix(systemd-user:session): session closed for user root
(sd-pam): pam_unix(systemd-user:session): session closed for user root
(sd-pam): pam_unix(systemd-user:session): session closed for user root
(sd-pam): pam_unix(systemd-user:session): session closed for user root
(sd-pam): pam_unix(systemd-user:session): session closed for user root
(sd-pam): pam_unix(systemd-user:session): session closed for user root
(sd-pam): pam_unix(systemd-user:session): session closed for user root
(sd-pam): pam_unix(systemd-user:session): session closed for user root
(sd-pam): pam_unix(systemd-user:session): session closed for user root
(sd-pam): pam_unix(systemd-user:session): session closed for user root
(sd-pam): pam_unix(systemd-user:session): session closed for user root
sshd: Accepted password for root from 172.16.8.4 port 39906 ssh2
sshd: Accepted password for root from 172.16.8.4 port 41686 ssh2
sshd: Accepted password for root from 172.16.8.4 port 45622 ssh2
sshd: Accepted publickey for root from 172.16.8.4 port 34224 ssh2: ED25519 SHA256:ZlBY0rKZUIRizspKSatA9sON0um4cq/tQi3hbf9ZiWA
sshd: Accepted publickey for root from 172.16.8.4 port 34942 ssh2: ED25519 SHA256:ZlBY0rKZUIRizspKSatA9sON0um4cq/tQi3hbf9ZiWA
sshd: Accepted publickey for root from 172.16.8.4 port 35364 ssh2: ED25519 SHA256:ZlBY0rKZUIRizspKSatA9sON0um4cq/tQi3hbf9ZiWA
sshd: Accepted publickey for root from 172.16.8.4 port 35704 ssh2: ED25519 SHA256:ZlBY0rKZUIRizspKSatA9sON0um4cq/tQi3hbf9ZiWA
sshd: Accepted publickey for root from 172.16.8.4 port 38230 ssh2: ED25519 SHA256:ZlBY0rKZUIRizspKSatA9sON0um4cq/tQi3hbf9ZiWA
sshd: Accepted publickey for root from 172.16.8.4 port 38258 ssh2: ED25519 SHA256:ZlBY0rKZUIRizspKSatA9sON0um4cq/tQi3hbf9ZiWA
sshd: Accepted publickey for root from 172.16.8.4 port 40020 ssh2: ED25519 SHA256:ZlBY0rKZUIRizspKSatA9sON0um4cq/tQi3hbf9ZiWA
sshd: Accepted publickey for root from 172.16.8.4 port 40332 ssh2: ED25519 SHA256:ZlBY0rKZUIRizspKSatA9sON0um4cq/tQi3hbf9ZiWA
sshd: Accepted publickey for root from 172.16.8.4 port 40508 ssh2: ED25519 SHA256:ZlBY0rKZUIRizspKSatA9sON0um4cq/tQi3hbf9ZiWA
sshd: Accepted publickey for root from 172.16.8.4 port 40768 ssh2: ED25519 SHA256:ZlBY0rKZUIRizspKSatA9sON0um4cq/tQi3hbf9ZiWA
sshd: Accepted publickey for root from 172.16.8.4 port 41104 ssh2: ED25519 SHA256:ZlBY0rKZUIRizspKSatA9sON0um4cq/tQi3hbf9ZiWA
sshd: Accepted publickey for root from 172.16.8.4 port 42174 ssh2: ED25519 SHA256:ZlBY0rKZUIRizspKSatA9sON0um4cq/tQi3hbf9ZiWA
sshd: Accepted publickey for root from 172.16.8.4 port 42308 ssh2: ED25519 SHA256:ZlBY0rKZUIRizspKSatA9sON0um4cq/tQi3hbf9ZiWA
sshd: Accepted publickey for root from 172.16.8.4 port 42460 ssh2: ED25519 SHA256:ZlBY0rKZUIRizspKSatA9sON0um4cq/tQi3hbf9ZiWA
sshd: Accepted publickey for root from 172.16.8.4 port 42908 ssh2: ED25519 SHA256:ZlBY0rKZUIRizspKSatA9sON0um4cq/tQi3hbf9ZiWA
sshd: Accepted publickey for root from 172.16.8.4 port 44548 ssh2: ED25519 SHA256:ZlBY0rKZUIRizspKSatA9sON0um4cq/tQi3hbf9ZiWA
sshd: Accepted publickey for root from 172.16.8.4 port 44696 ssh2: ED25519 SHA256:ZlBY0rKZUIRizspKSatA9sON0um4cq/tQi3hbf9ZiWA
sshd: Accepted publickey for root from 172.16.8.4 port 44720 ssh2: ED25519 SHA256:ZlBY0rKZUIRizspKSatA9sON0um4cq/tQi3hbf9ZiWA
sshd: Accepted publickey for root from 172.16.8.4 port 45642 ssh2: ED25519 SHA256:ZlBY0rKZUIRizspKSatA9sON0um4cq/tQi3hbf9ZiWA
sshd: Accepted publickey for root from 172.16.8.4 port 45810 ssh2: ED25519 SHA256:ZlBY0rKZUIRizspKSatA9sON0um4cq/tQi3hbf9ZiWA
sshd: Accepted publickey for root from 172.16.8.4 port 47626 ssh2: ED25519 SHA256:ZlBY0rKZUIRizspKSatA9sON0um4cq/tQi3hbf9ZiWA
sshd: Accepted publickey for root from 172.16.8.4 port 48258 ssh2: ED25519 SHA256:ZlBY0rKZUIRizspKSatA9sON0um4cq/tQi3hbf9ZiWA
sshd: Accepted publickey for root from 172.16.8.4 port 50174 ssh2: ED25519 SHA256:ZlBY0rKZUIRizspKSatA9sON0um4cq/tQi3hbf9ZiWA
sshd: Accepted publickey for root from 172.16.8.4 port 51014 ssh2: ED25519 SHA256:ZlBY0rKZUIRizspKSatA9sON0um4cq/tQi3hbf9ZiWA
sshd: Accepted publickey for root from 172.16.8.4 port 51664 ssh2: ED25519 SHA256:ZlBY0rKZUIRizspKSatA9sON0um4cq/tQi3hbf9ZiWA
sshd: Accepted publickey for root from 172.16.8.4 port 52088 ssh2: ED25519 SHA256:ZlBY0rKZUIRizspKSatA9sON0um4cq/tQi3hbf9ZiWA
sshd: Accepted publickey for root from 172.16.8.4 port 52100 ssh2: ED25519 SHA256:ZlBY0rKZUIRizspKSatA9sON0um4cq/tQi3hbf9ZiWA
sshd: Accepted publickey for root from 172.16.8.4 port 52182 ssh2: ED25519 SHA256:ZlBY0rKZUIRizspKSatA9sON0um4cq/tQi3hbf9ZiWA
sshd: Accepted publickey for root from 172.16.8.4 port 52732 ssh2: ED25519 SHA256:ZlBY0rKZUIRizspKSatA9sON0um4cq/tQi3hbf9ZiWA
sshd: Accepted publickey for root from 172.16.8.4 port 53994 ssh2: ED25519 SHA256:ZlBY0rKZUIRizspKSatA9sON0um4cq/tQi3hbf9ZiWA
sshd: Accepted publickey for root from 172.16.8.4 port 54104 ssh2: ED25519 SHA256:ZlBY0rKZUIRizspKSatA9sON0um4cq/tQi3hbf9ZiWA
sshd: Accepted publickey for root from 172.16.8.4 port 54604 ssh2: ED25519 SHA256:ZlBY0rKZUIRizspKSatA9sON0um4cq/tQi3hbf9ZiWA
sshd: Accepted publickey for root from 172.16.8.4 port 55512 ssh2: ED25519 SHA256:ZlBY0rKZUIRizspKSatA9sON0um4cq/tQi3hbf9ZiWA
sshd: Accepted publickey for root from 172.16.8.4 port 56016 ssh2: ED25519 SHA256:ZlBY0rKZUIRizspKSatA9sON0um4cq/tQi3hbf9ZiWA
sshd: Accepted publickey for root from 172.16.8.4 port 57234 ssh2: ED25519 SHA256:ZlBY0rKZUIRizspKSatA9sON0um4cq/tQi3hbf9ZiWA
sshd: Accepted publickey for root from 172.16.8.4 port 58960 ssh2: ED25519 SHA256:ZlBY0rKZUIRizspKSatA9sON0um4cq/tQi3hbf9ZiWA
sshd: Accepted publickey for root from 172.16.8.4 port 59502 ssh2: ED25519 SHA256:ZlBY0rKZUIRizspKSatA9sON0um4cq/tQi3hbf9ZiWA
sshd: Accepted publickey for root from 172.16.8.4 port 59758 ssh2: ED25519 SHA256:ZlBY0rKZUIRizspKSatA9sON0um4cq/tQi3hbf9ZiWA
sshd: Accepted publickey for root from 172.16.8.4 port 59762 ssh2: ED25519 SHA256:ZlBY0rKZUIRizspKSatA9sON0um4cq/tQi3hbf9ZiWA
sshd: Accepted publickey for root from 172.16.8.4 port 60752 ssh2: ED25519 SHA256:ZlBY0rKZUIRizspKSatA9sON0um4cq/tQi3hbf9ZiWA
sshd: Accepted publickey for root from 172.16.8.4 port 60968 ssh2: ED25519 SHA256:RU6NuDZKl1n7BSUhS3DQVfjo2rcCWl9vVPOiEt6PExw
sshd: Connection closed by authenticating user root 172.16.8.4 port 33788 [preauth]
sshd: Connection closed by authenticating user root 172.16.8.4 port 39892 [preauth]
sshd: Connection closed by authenticating user root 172.16.8.4 port 39902 [preauth]
sshd: Connection closed by authenticating user root 172.16.8.4 port 41668 [preauth]
sshd: Connection closed by authenticating user root 172.16.8.4 port 41680 [preauth]
sshd: Connection closed by authenticating user root 172.16.8.4 port 45602 [preauth]
sshd: Connection closed by authenticating user root 172.16.8.4 port 45612 [preauth]
sshd: Disconnected from user root 172.16.8.4 port 34224
sshd: Disconnected from user root 172.16.8.4 port 34942
sshd: Disconnected from user root 172.16.8.4 port 35364
sshd: Disconnected from user root 172.16.8.4 port 35704
sshd: Disconnected from user root 172.16.8.4 port 38258
sshd: Disconnected from user root 172.16.8.4 port 39906
sshd: Disconnected from user root 172.16.8.4 port 40020
sshd: Disconnected from user root 172.16.8.4 port 40332
sshd: Disconnected from user root 172.16.8.4 port 40508
sshd: Disconnected from user root 172.16.8.4 port 40768
sshd: Disconnected from user root 172.16.8.4 port 41104
sshd: Disconnected from user root 172.16.8.4 port 41686
sshd: Disconnected from user root 172.16.8.4 port 42174
sshd: Disconnected from user root 172.16.8.4 port 42308
sshd: Disconnected from user root 172.16.8.4 port 42460
sshd: Disconnected from user root 172.16.8.4 port 42908
sshd: Disconnected from user root 172.16.8.4 port 44548
sshd: Disconnected from user root 172.16.8.4 port 44696
sshd: Disconnected from user root 172.16.8.4 port 44720
sshd: Disconnected from user root 172.16.8.4 port 45622
sshd: Disconnected from user root 172.16.8.4 port 45642
sshd: Disconnected from user root 172.16.8.4 port 45810
sshd: Disconnected from user root 172.16.8.4 port 47626
sshd: Disconnected from user root 172.16.8.4 port 48258
sshd: Disconnected from user root 172.16.8.4 port 50174
sshd: Disconnected from user root 172.16.8.4 port 51014
sshd: Disconnected from user root 172.16.8.4 port 51664
sshd: Disconnected from user root 172.16.8.4 port 52088
sshd: Disconnected from user root 172.16.8.4 port 52100
sshd: Disconnected from user root 172.16.8.4 port 52182
sshd: Disconnected from user root 172.16.8.4 port 52732
sshd: Disconnected from user root 172.16.8.4 port 53994
sshd: Disconnected from user root 172.16.8.4 port 54104
sshd: Disconnected from user root 172.16.8.4 port 54604
sshd: Disconnected from user root 172.16.8.4 port 55512
sshd: Disconnected from user root 172.16.8.4 port 56016
sshd: Disconnected from user root 172.16.8.4 port 57234
sshd: Disconnected from user root 172.16.8.4 port 58960
sshd: Disconnected from user root 172.16.8.4 port 59502
sshd: Disconnected from user root 172.16.8.4 port 59758
sshd: Disconnected from user root 172.16.8.4 port 59762
sshd: Disconnected from user root 172.16.8.4 port 60752
sshd: Disconnected from user root 172.16.8.4 port 60968
sshd: Failed password for root from 172.16.8.4 port 39906 ssh2
sshd: pam_unix(sshd:auth): authentication failure; logname= uid=0 euid=0 tty=ssh ruser= rhost=172.16.8.4  user=root
sshd: pam_unix(sshd:session): session closed for user root
sshd: pam_unix(sshd:session): session closed for user root
sshd: pam_unix(sshd:session): session closed for user root
sshd: pam_unix(sshd:session): session closed for user root
sshd: pam_unix(sshd:session): session closed for user root
sshd: pam_unix(sshd:session): session closed for user root
sshd: pam_unix(sshd:session): session closed for user root
sshd: pam_unix(sshd:session): session closed for user root
sshd: pam_unix(sshd:session): session closed for user root
sshd: pam_unix(sshd:session): session closed for user root
sshd: pam_unix(sshd:session): session closed for user root
sshd: pam_unix(sshd:session): session closed for user root
sshd: pam_unix(sshd:session): session closed for user root
sshd: pam_unix(sshd:session): session closed for user root
sshd: pam_unix(sshd:session): session closed for user root
sshd: pam_unix(sshd:session): session closed for user root
sshd: pam_unix(sshd:session): session closed for user root
sshd: pam_unix(sshd:session): session closed for user root
sshd: pam_unix(sshd:session): session closed for user root
sshd: pam_unix(sshd:session): session closed for user root
sshd: pam_unix(sshd:session): session closed for user root
sshd: pam_unix(sshd:session): session closed for user root
sshd: pam_unix(sshd:session): session closed for user root
sshd: pam_unix(sshd:session): session closed for user root
sshd: pam_unix(sshd:session): session closed for user root
sshd: pam_unix(sshd:session): session closed for user root
sshd: pam_unix(sshd:session): session closed for user root
sshd: pam_unix(sshd:session): session closed for user root
sshd: pam_unix(sshd:session): session closed for user root
sshd: pam_unix(sshd:session): session closed for user root
sshd: pam_unix(sshd:session): session closed for user root
sshd: pam_unix(sshd:session): session closed for user root
sshd: pam_unix(sshd:session): session closed for user root
sshd: pam_unix(sshd:session): session closed for user root
sshd: pam_unix(sshd:session): session closed for user root
sshd: pam_unix(sshd:session): session closed for user root
sshd: pam_unix(sshd:session): session closed for user root
sshd: pam_unix(sshd:session): session closed for user root
sshd: pam_unix(sshd:session): session closed for user root
sshd: pam_unix(sshd:session): session closed for user root
sshd: pam_unix(sshd:session): session closed for user root
sshd: pam_unix(sshd:session): session closed for user root
sshd: pam_unix(sshd:session): session closed for user root
sshd: pam_unix(sshd:session): session opened for user root(uid=0) by root(uid=0)
sshd: pam_unix(sshd:session): session opened for user root(uid=0) by root(uid=0)
sshd: pam_unix(sshd:session): session opened for user root(uid=0) by root(uid=0)
sshd: pam_unix(sshd:session): session opened for user root(uid=0) by root(uid=0)
sshd: pam_unix(sshd:session): session opened for user root(uid=0) by root(uid=0)
sshd: pam_unix(sshd:session): session opened for user root(uid=0) by root(uid=0)
sshd: pam_unix(sshd:session): session opened for user root(uid=0) by root(uid=0)
sshd: pam_unix(sshd:session): session opened for user root(uid=0) by root(uid=0)
sshd: pam_unix(sshd:session): session opened for user root(uid=0) by root(uid=0)
sshd: pam_unix(sshd:session): session opened for user root(uid=0) by root(uid=0)
sshd: pam_unix(sshd:session): session opened for user root(uid=0) by root(uid=0)
sshd: pam_unix(sshd:session): session opened for user root(uid=0) by root(uid=0)
sshd: pam_unix(sshd:session): session opened for user root(uid=0) by root(uid=0)
sshd: pam_unix(sshd:session): session opened for user root(uid=0) by root(uid=0)
sshd: pam_unix(sshd:session): session opened for user root(uid=0) by root(uid=0)
sshd: pam_unix(sshd:session): session opened for user root(uid=0) by root(uid=0)
sshd: pam_unix(sshd:session): session opened for user root(uid=0) by root(uid=0)
sshd: pam_unix(sshd:session): session opened for user root(uid=0) by root(uid=0)
sshd: pam_unix(sshd:session): session opened for user root(uid=0) by root(uid=0)
sshd: pam_unix(sshd:session): session opened for user root(uid=0) by root(uid=0)
sshd: pam_unix(sshd:session): session opened for user root(uid=0) by root(uid=0)
sshd: pam_unix(sshd:session): session opened for user root(uid=0) by root(uid=0)
sshd: pam_unix(sshd:session): session opened for user root(uid=0) by root(uid=0)
sshd: pam_unix(sshd:session): session opened for user root(uid=0) by root(uid=0)
sshd: pam_unix(sshd:session): session opened for user root(uid=0) by root(uid=0)
sshd: pam_unix(sshd:session): session opened for user root(uid=0) by root(uid=0)
sshd: pam_unix(sshd:session): session opened for user root(uid=0) by root(uid=0)
sshd: pam_unix(sshd:session): session opened for user root(uid=0) by root(uid=0)
sshd: pam_unix(sshd:session): session opened for user root(uid=0) by root(uid=0)
sshd: pam_unix(sshd:session): session opened for user root(uid=0) by root(uid=0)
sshd: pam_unix(sshd:session): session opened for user root(uid=0) by root(uid=0)
sshd: pam_unix(sshd:session): session opened for user root(uid=0) by root(uid=0)
sshd: pam_unix(sshd:session): session opened for user root(uid=0) by root(uid=0)
sshd: pam_unix(sshd:session): session opened for user root(uid=0) by root(uid=0)
sshd: pam_unix(sshd:session): session opened for user root(uid=0) by root(uid=0)
sshd: pam_unix(sshd:session): session opened for user root(uid=0) by root(uid=0)
sshd: pam_unix(sshd:session): session opened for user root(uid=0) by root(uid=0)
sshd: pam_unix(sshd:session): session opened for user root(uid=0) by root(uid=0)
sshd: pam_unix(sshd:session): session opened for user root(uid=0) by root(uid=0)
sshd: pam_unix(sshd:session): session opened for user root(uid=0) by root(uid=0)
sshd: pam_unix(sshd:session): session opened for user root(uid=0) by root(uid=0)
sshd: pam_unix(sshd:session): session opened for user root(uid=0) by root(uid=0)
sshd: pam_unix(sshd:session): session opened for user root(uid=0) by root(uid=0)
sshd: pam_unix(sshd:session): session opened for user root(uid=0) by root(uid=0)
sshd: Received disconnect from 172.16.8.4 port 34224:11: disconnected by user
sshd: Received disconnect from 172.16.8.4 port 34942:11: disconnected by user
sshd: Received disconnect from 172.16.8.4 port 35364:11: disconnected by user
sshd: Received disconnect from 172.16.8.4 port 35704:11: disconnected by user
sshd: Received disconnect from 172.16.8.4 port 38258:11: disconnected by user
sshd: Received disconnect from 172.16.8.4 port 39906:11: disconnected by user
sshd: Received disconnect from 172.16.8.4 port 40020:11: disconnected by user
sshd: Received disconnect from 172.16.8.4 port 40332:11: disconnected by user
sshd: Received disconnect from 172.16.8.4 port 40508:11: disconnected by user
sshd: Received disconnect from 172.16.8.4 port 40768:11: disconnected by user
sshd: Received disconnect from 172.16.8.4 port 41104:11: disconnected by user
sshd: Received disconnect from 172.16.8.4 port 41686:11: disconnected by user
sshd: Received disconnect from 172.16.8.4 port 42174:11: disconnected by user
sshd: Received disconnect from 172.16.8.4 port 42308:11: disconnected by user
sshd: Received disconnect from 172.16.8.4 port 42460:11: disconnected by user
sshd: Received disconnect from 172.16.8.4 port 42908:11: disconnected by user
sshd: Received disconnect from 172.16.8.4 port 44548:11: disconnected by user
sshd: Received disconnect from 172.16.8.4 port 44696:11: disconnected by user
sshd: Received disconnect from 172.16.8.4 port 44720:11: disconnected by user
sshd: Received disconnect from 172.16.8.4 port 45622:11: disconnected by user
sshd: Received disconnect from 172.16.8.4 port 45642:11: disconnected by user
sshd: Received disconnect from 172.16.8.4 port 45810:11: disconnected by user
sshd: Received disconnect from 172.16.8.4 port 47626:11: disconnected by user
sshd: Received disconnect from 172.16.8.4 port 48258:11: disconnected by user
sshd: Received disconnect from 172.16.8.4 port 50174:11: disconnected by user
sshd: Received disconnect from 172.16.8.4 port 51014:11: disconnected by user
sshd: Received disconnect from 172.16.8.4 port 51664:11: disconnected by user
sshd: Received disconnect from 172.16.8.4 port 52088:11: disconnected by user
sshd: Received disconnect from 172.16.8.4 port 52100:11: disconnected by user
sshd: Received disconnect from 172.16.8.4 port 52182:11: disconnected by user
sshd: Received disconnect from 172.16.8.4 port 52732:11: disconnected by user
sshd: Received disconnect from 172.16.8.4 port 53994:11: disconnected by user
sshd: Received disconnect from 172.16.8.4 port 54104:11: disconnected by user
sshd: Received disconnect from 172.16.8.4 port 54604:11: disconnected by user
sshd: Received disconnect from 172.16.8.4 port 55512:11: disconnected by user
sshd: Received disconnect from 172.16.8.4 port 56016:11: disconnected by user
sshd: Received disconnect from 172.16.8.4 port 57234:11: disconnected by user
sshd: Received disconnect from 172.16.8.4 port 58960:11: disconnected by user
sshd: Received disconnect from 172.16.8.4 port 59502:11: disconnected by user
sshd: Received disconnect from 172.16.8.4 port 59758:11: disconnected by user
sshd: Received disconnect from 172.16.8.4 port 59762:11: disconnected by user
sshd: Received disconnect from 172.16.8.4 port 60752:11: disconnected by user
sshd: Received disconnect from 172.16.8.4 port 60968:11: disconnected by user
sudo: pam_unix(sudo:session): session closed for user root
sudo: pam_unix(sudo:session): session closed for user root
sudo: pam_unix(sudo:session): session opened for user root(uid=0) by root(uid=1001)
sudo: pam_unix(sudo:session): session opened for user root(uid=0) by root(uid=1001)
sudo: user1 : TTY=pts/0 ; PWD=/root ; USER=root ; COMMAND=/usr/bin/dmesg
sudo: user1 : TTY=pts/0 ; PWD=/root ; USER=root ; COMMAND=/usr/bin/dmesg
sudo: user2 : user NOT in sudoers ; TTY=pts/0 ; PWD=/root ; USER=root ; COMMAND=/usr/bin/dmesg
su: pam_unix(su:session): session closed for user user1
su: pam_unix(su:session): session closed for user user1
su: pam_unix(su:session): session closed for user user1
su: pam_unix(su:session): session closed for user user1
su: pam_unix(su:session): session closed for user user1
su: pam_unix(su:session): session closed for user user1
su: pam_unix(su:session): session closed for user user1
su: pam_unix(su:session): session closed for user user1
su: pam_unix(su:session): session closed for user user1
su: pam_unix(su:session): session closed for user user1
su: pam_unix(su:session): session closed for user user2
su: pam_unix(su:session): session closed for user user2
su: pam_unix(su:session): session closed for user user2
su: pam_unix(su:session): session closed for user user2
su: pam_unix(su:session): session closed for user user2
su: pam_unix(su:session): session closed for user user2
su: pam_unix(su:session): session closed for user user2
su: pam_unix(su:session): session closed for user user3
su: pam_unix(su:session): session closed for user user3
su: pam_unix(su:session): session closed for user user3
su: pam_unix(su:session): session closed for user user3
su: pam_unix(su:session): session closed for user user3
su: pam_unix(su:session): session closed for user user3
su: pam_unix(su:session): session closed for user user3
su: pam_unix(su:session): session closed for user user3
su: pam_unix(su:session): session closed for user user3
su: pam_unix(su:session): session closed for user user3
su: pam_unix(su:session): session closed for user user3
su: pam_unix(su:session): session closed for user user3
su: pam_unix(su:session): session opened for user user1(uid=1001) by root(uid=0)
su: pam_unix(su:session): session opened for user user1(uid=1001) by root(uid=0)
su: pam_unix(su:session): session opened for user user1(uid=1001) by root(uid=0)
su: pam_unix(su:session): session opened for user user1(uid=1001) by root(uid=0)
su: pam_unix(su:session): session opened for user user1(uid=1001) by root(uid=0)
su: pam_unix(su:session): session opened for user user1(uid=1001) by root(uid=0)
su: pam_unix(su:session): session opened for user user1(uid=1001) by root(uid=0)
su: pam_unix(su:session): session opened for user user1(uid=1001) by root(uid=0)
su: pam_unix(su:session): session opened for user user1(uid=1001) by root(uid=0)
su: pam_unix(su:session): session opened for user user1(uid=1001) by root(uid=0)
su: pam_unix(su:session): session opened for user user2(uid=1002) by root(uid=0)
su: pam_unix(su:session): session opened for user user2(uid=1002) by root(uid=0)
su: pam_unix(su:session): session opened for user user2(uid=1002) by root(uid=0)
su: pam_unix(su:session): session opened for user user2(uid=1002) by root(uid=0)
su: pam_unix(su:session): session opened for user user2(uid=1002) by root(uid=0)
su: pam_unix(su:session): session opened for user user2(uid=1002) by root(uid=0)
su: pam_unix(su:session): session opened for user user2(uid=1002) by root(uid=0)
su: pam_unix(su:session): session opened for user user3(uid=1003) by root(uid=0)
su: pam_unix(su:session): session opened for user user3(uid=1003) by root(uid=0)
su: pam_unix(su:session): session opened for user user3(uid=1003) by root(uid=0)
su: pam_unix(su:session): session opened for user user3(uid=1003) by root(uid=0)
su: pam_unix(su:session): session opened for user user3(uid=1003) by root(uid=0)
su: pam_unix(su:session): session opened for user user3(uid=1003) by root(uid=0)
su: pam_unix(su:session): session opened for user user3(uid=1003) by root(uid=0)
su: pam_unix(su:session): session opened for user user3(uid=1003) by root(uid=0)
su: pam_unix(su:session): session opened for user user3(uid=1003) by root(uid=0)
su: pam_unix(su:session): session opened for user user3(uid=1003) by root(uid=0)
su: pam_unix(su:session): session opened for user user3(uid=1003) by root(uid=0)
su: pam_unix(su:session): session opened for user user3(uid=1003) by root(uid=0)
su: (to user1) root on pts/0
su: (to user1) root on pts/0
su: (to user1) root on pts/0
su: (to user1) root on pts/0
su: (to user1) root on pts/0
su: (to user1) root on pts/0
su: (to user1) root on pts/0
su: (to user1) root on pts/0
su: (to user1) root on pts/0
su: (to user1) root on pts/0
su: (to user2) root on none
su: (to user2) root on pts/0
su: (to user2) root on pts/0
su: (to user2) root on pts/0
su: (to user2) root on pts/0
su: (to user2) root on pts/0
su: (to user2) root on pts/0
su: (to user3) root on none
su: (to user3) root on none
su: (to user3) root on none
su: (to user3) root on pts/0
su: (to user3) root on pts/0
su: (to user3) root on pts/0
su: (to user3) root on pts/0
su: (to user3) root on pts/0
su: (to user3) root on pts/0
su: (to user3) root on pts/0
su: (to user3) root on pts/0
su: (to user3) root on pts/0
systemd-logind: New session 510 of user root.
systemd-logind: New session 512 of user root.
systemd-logind: New session 516 of user root.
systemd-logind: New session 518 of user root.
systemd-logind: New session 523 of user root.
systemd-logind: New session 527 of user root.
systemd-logind: New session 529 of user root.
systemd-logind: New session 532 of user root.
systemd-logind: New session 534 of user root.
systemd-logind: New session 535 of user root.
systemd-logind: New session 537 of user root.
systemd-logind: New session 539 of user root.
systemd-logind: New session 542 of user root.
systemd-logind: New session 544 of user root.
systemd-logind: New session 547 of user root.
systemd-logind: New session 549 of user root.
systemd-logind: New session 551 of user root.
systemd-logind: New session 553 of user root.
systemd-logind: New session 556 of user root.
systemd-logind: New session 558 of user root.
systemd-logind: New session 560 of user root.
systemd-logind: New session 561 of user root.
systemd-logind: New session 563 of user root.
systemd-logind: New session 565 of user root.
systemd-logind: New session 567 of user root.
systemd-logind: New session 569 of user root.
systemd-logind: New session 592 of user root.
systemd-logind: New session 596 of user root.
systemd-logind: New session 598 of user root.
systemd-logind: New session 601 of user root.
systemd-logind: New session 607 of user root.
systemd-logind: New session 609 of user root.
systemd-logind: New session 617 of user root.
systemd-logind: New session 619 of user root.
systemd-logind: New session 621 of user root.
systemd-logind: New session 626 of user root.
systemd-logind: New session 630 of user root.
systemd-logind: New session 634 of user root.
systemd-logind: New session 639 of user root.
systemd-logind: New session 642 of user root.
systemd-logind: New session 785 of user root.
systemd-logind: New session 799 of user root.
systemd-logind: New session 815 of user root.
systemd-logind: New session 818 of user root.
systemd-logind: Removed session 510.
systemd-logind: Removed session 512.
systemd-logind: Removed session 516.
systemd-logind: Removed session 518.
systemd-logind: Removed session 523.
systemd-logind: Removed session 527.
systemd-logind: Removed session 529.
systemd-logind: Removed session 532.
systemd-logind: Removed session 534.
systemd-logind: Removed session 535.
systemd-logind: Removed session 537.
systemd-logind: Removed session 539.
systemd-logind: Removed session 542.
systemd-logind: Removed session 544.
systemd-logind: Removed session 547.
systemd-logind: Removed session 549.
systemd-logind: Removed session 551.
systemd-logind: Removed session 553.
systemd-logind: Removed session 556.
systemd-logind: Removed session 558.
systemd-logind: Removed session 560.
systemd-logind: Removed session 561.
systemd-logind: Removed session 563.
systemd-logind: Removed session 565.
systemd-logind: Removed session 567.
systemd-logind: Removed session 569.
systemd-logind: Removed session 592.
systemd-logind: Removed session 596.
systemd-logind: Removed session 598.
systemd-logind: Removed session 601.
systemd-logind: Removed session 607.
systemd-logind: Removed session 609.
systemd-logind: Removed session 617.
systemd-logind: Removed session 619.
systemd-logind: Removed session 621.
systemd-logind: Removed session 626.
systemd-logind: Removed session 630.
systemd-logind: Removed session 634.
systemd-logind: Removed session 639.
systemd-logind: Removed session 642.
systemd-logind: Removed session 785.
systemd-logind: Removed session 799.
systemd-logind: Removed session 815.
systemd-logind: Session 510 logged out. Waiting for processes to exit.
systemd-logind: Session 512 logged out. Waiting for processes to exit.
systemd-logind: Session 516 logged out. Waiting for processes to exit.
systemd-logind: Session 518 logged out. Waiting for processes to exit.
systemd-logind: Session 523 logged out. Waiting for processes to exit.
systemd-logind: Session 527 logged out. Waiting for processes to exit.
systemd-logind: Session 529 logged out. Waiting for processes to exit.
systemd-logind: Session 532 logged out. Waiting for processes to exit.
systemd-logind: Session 534 logged out. Waiting for processes to exit.
systemd-logind: Session 535 logged out. Waiting for processes to exit.
systemd-logind: Session 537 logged out. Waiting for processes to exit.
systemd-logind: Session 539 logged out. Waiting for processes to exit.
systemd-logind: Session 542 logged out. Waiting for processes to exit.
systemd-logind: Session 544 logged out. Waiting for processes to exit.
systemd-logind: Session 547 logged out. Waiting for processes to exit.
systemd-logind: Session 549 logged out. Waiting for processes to exit.
systemd-logind: Session 551 logged out. Waiting for processes to exit.
systemd-logind: Session 553 logged out. Waiting for processes to exit.
systemd-logind: Session 556 logged out. Waiting for processes to exit.
systemd-logind: Session 558 logged out. Waiting for processes to exit.
systemd-logind: Session 560 logged out. Waiting for processes to exit.
systemd-logind: Session 561 logged out. Waiting for processes to exit.
systemd-logind: Session 563 logged out. Waiting for processes to exit.
systemd-logind: Session 565 logged out. Waiting for processes to exit.
systemd-logind: Session 567 logged out. Waiting for processes to exit.
systemd-logind: Session 569 logged out. Waiting for processes to exit.
systemd-logind: Session 592 logged out. Waiting for processes to exit.
systemd-logind: Session 596 logged out. Waiting for processes to exit.
systemd-logind: Session 598 logged out. Waiting for processes to exit.
systemd-logind: Session 601 logged out. Waiting for processes to exit.
systemd-logind: Session 607 logged out. Waiting for processes to exit.
systemd-logind: Session 609 logged out. Waiting for processes to exit.
systemd-logind: Session 617 logged out. Waiting for processes to exit.
systemd-logind: Session 619 logged out. Waiting for processes to exit.
systemd-logind: Session 621 logged out. Waiting for processes to exit.
systemd-logind: Session 626 logged out. Waiting for processes to exit.
systemd-logind: Session 630 logged out. Waiting for processes to exit.
systemd-logind: Session 634 logged out. Waiting for processes to exit.
systemd-logind: Session 639 logged out. Waiting for processes to exit.
systemd-logind: Session 642 logged out. Waiting for processes to exit.
systemd-logind: Session 785 logged out. Waiting for processes to exit.
systemd-logind: Session 799 logged out. Waiting for processes to exit.
systemd-logind: Session 815 logged out. Waiting for processes to exit.
(systemd): pam_unix(systemd-user:session): session opened for user root(uid=0) by root(uid=0)
(systemd): pam_unix(systemd-user:session): session opened for user root(uid=0) by root(uid=0)
(systemd): pam_unix(systemd-user:session): session opened for user root(uid=0) by root(uid=0)
(systemd): pam_unix(systemd-user:session): session opened for user root(uid=0) by root(uid=0)
(systemd): pam_unix(systemd-user:session): session opened for user root(uid=0) by root(uid=0)
(systemd): pam_unix(systemd-user:session): session opened for user root(uid=0) by root(uid=0)
(systemd): pam_unix(systemd-user:session): session opened for user root(uid=0) by root(uid=0)
(systemd): pam_unix(systemd-user:session): session opened for user root(uid=0) by root(uid=0)
(systemd): pam_unix(systemd-user:session): session opened for user root(uid=0) by root(uid=0)
(systemd): pam_unix(systemd-user:session): session opened for user root(uid=0) by root(uid=0)
(systemd): pam_unix(systemd-user:session): session opened for user root(uid=0) by root(uid=0)
(systemd): pam_unix(systemd-user:session): session opened for user root(uid=0) by root(uid=0)
(systemd): pam_unix(systemd-user:session): session opened for user root(uid=0) by root(uid=0)
(systemd): pam_unix(systemd-user:session): session opened for user root(uid=0) by root(uid=0)
(systemd): pam_unix(systemd-user:session): session opened for user root(uid=0) by root(uid=0)
(systemd): pam_unix(systemd-user:session): session opened for user root(uid=0) by root(uid=0)
(systemd): pam_unix(systemd-user:session): session opened for user root(uid=0) by root(uid=0)
(systemd): pam_unix(systemd-user:session): session opened for user root(uid=0) by root(uid=0)
(systemd): pam_unix(systemd-user:session): session opened for user root(uid=0) by root(uid=0)
(systemd): pam_unix(systemd-user:session): session opened for user root(uid=0) by root(uid=0)
(systemd): pam_unix(systemd-user:session): session opened for user root(uid=0) by root(uid=0)
(systemd): pam_unix(systemd-user:session): session opened for user root(uid=0) by root(uid=0)
(systemd): pam_unix(systemd-user:session): session opened for user root(uid=0) by root(uid=0)
(systemd): pam_unix(systemd-user:session): session opened for user root(uid=0) by root(uid=0)
(systemd): pam_unix(systemd-user:session): session opened for user root(uid=0) by root(uid=0)
(systemd): pam_unix(systemd-user:session): session opened for user root(uid=0) by root(uid=0)
(systemd): pam_unix(systemd-user:session): session opened for user root(uid=0) by root(uid=0)
(systemd): pam_unix(systemd-user:session): session opened for user root(uid=0) by root(uid=0)
(systemd): pam_unix(systemd-user:session): session opened for user root(uid=0) by root(uid=0)
(systemd): pam_unix(systemd-user:session): session opened for user root(uid=0) by root(uid=0)
(systemd): pam_unix(systemd-user:session): session opened for user root(uid=0) by root(uid=0)
(systemd): pam_unix(systemd-user:session): session opened for user root(uid=0) by root(uid=0)
(systemd): pam_unix(systemd-user:session): session opened for user root(uid=0) by root(uid=0)
(systemd): pam_unix(systemd-user:session): session opened for user root(uid=0) by root(uid=0)
(systemd): pam_unix(systemd-user:session): session opened for user root(uid=0) by root(uid=0)
(systemd): pam_unix(systemd-user:session): session opened for user root(uid=0) by root(uid=0)
(systemd): pam_unix(systemd-user:session): session opened for user root(uid=0) by root(uid=0)
(systemd): pam_unix(systemd-user:session): session opened for user root(uid=0) by root(uid=0)
(systemd): pam_unix(systemd-user:session): session opened for user root(uid=0) by root(uid=0)
(systemd): pam_unix(systemd-user:session): session opened for user root(uid=0) by root(uid=0)
useradd: new group: name=user1, GID=1001
useradd: new user: name=user1, UID=1001, GID=1001, home=/home/user1, shell=/bin/bash, from=none
useradd: new user: name=user2, UID=1002, GID=1002, home=/home/user2, shell=/bin/bash, from=none
useradd: new user: name=user3, UID=1003, GID=1003, home=/home/user3, shell=/bin/bash, from=none
usermod: add 'user1' to group 'eltex_group'
usermod: add 'user1' to shadow group 'eltex_group'
usermod: add 'user2' to group 'eltex_group'
usermod: add 'user2' to shadow group 'eltex_group'
usermod: add 'user3' to group 'eltex_group'
usermod: add 'user3' to shadow group 'eltex_group'
usermod: change user 'user3' shell from '/bin/bash' to '/usr/sbin/nologin'
awk '{print $3, substr($0, index($0,$4))}' /var/log/auth.log | sed 's/\[[0-9]*\]//g' | awk '{count[$1]++} END {for (src in count) print count[src], src}' | sort -nr
580 CRON:
226 sshd:
130 systemd-logind:
87 su:
40 (systemd):
11 (sd-pam):
9 groupadd:
7 usermod:
7 sudo:
7 nologin:
4 useradd:
4 chage:
3 passwd:
2 gpasswd:
2 chfn:
awk -F: '
    FNR==NR {
        for (i=1; i<=NF; i++) {
            if (i==4 && $4 != "")
                n=split($4, users, ",");
            else
                n=0;
            for (j=1; j<=n; j++)
                groups[users[j]] = (groups[users[j]] ? groups[users[j]] "," $1 : $1);
        }
        next;
    }
    $7=="/usr/sbin/nologin" {
        print $3 "," $1 "," (groups[$1] ? groups[$1] : "-");
    }
' /etc/group /etc/passwd | sort -nr
65534,nobody,-
1003,user3,users,eltex_group
998,systemd-network,-
997,systemd-timesync,-
992,systemd-resolve,-
991,polkitd,-
989,fwupd-refresh,-
109,sshd,-
108,usbmux,-
107,landscape,-
105,tcpdump,-
104,uuidd,-
103,syslog,adm
101,messagebus,-
42,_apt,-
39,irc,-
38,list,-
34,backup,-
33,www-data,-
13,proxy,-
10,uucp,-
9,news,-
8,mail,-
7,lp,-
6,man,-
5,games,-
3,sys,-
2,bin,-
1,daemon,-
dmesg | grep 'kernel'
[    0.089890] Booting paravirtualized kernel on KVM
[    0.090840] Unknown kernel command line parameters "BOOT_IMAGE=/vmlinuz-6.8.0-55-generic", will be passed to user space.
[    0.265432] Memory: 3933488K/4193760K available (22528K kernel code, 4443K rwdata, 14344K rodata, 4988K init, 4716K bss, 260012K reserved, 0K cma-reserved)
[    0.900678] Loaded X.509 cert 'Build time autogenerated kernel key: e0bedf6fa049a1e09bd65ebab3904f14cdd5bc68'
[    1.071336] Loaded X.509 cert 'Build time autogenerated kernel key: e0bedf6fa049a1e09bd65ebab3904f14cdd5bc68'
[    1.127168] Freeing unused kernel image (initmem) memory: 4988K
[    1.131509] Write protecting the kernel read-only data: 38912k
[    1.137854] Freeing unused kernel image (rodata/data gap) memory: 2040K
[   20.226606] systemd[1]: Listening on systemd-udevd-kernel.socket - udev Kernel Socket.
[   20.405281] systemd[1]: Mounting sys-kernel-debug.mount - Kernel Debug File System...
[   20.410160] systemd[1]: Mounting sys-kernel-tracing.mount - Kernel Trace File System...
awk 'END {print NR}' /var/log/kern.log
22
awk '
/^Start-Date:/ { start = substr($0, 13) }
/^Commandline:/ { cmd = substr($0, 14) }
/^End-Date:/ {
    end = substr($0, 11)
    if (cmd && start && end)
        print "Commandline: " cmd " ; Start-Date: " start " ; End-Date: " end
    cmd = start = end = ""
}
' /var/log/apt/history.log
Commandline: apt-get install --reinstall apt ; Start-Date: 2025-02-16  20:51:22 ; End-Date: 2025-02-16  20:51:24
Commandline: apt-get install --reinstall base-files ; Start-Date: 2025-02-16  20:51:26 ; End-Date: 2025-02-16  20:51:28
Commandline: apt-get install --reinstall base-passwd ; Start-Date: 2025-02-16  20:51:31 ; End-Date: 2025-02-16  20:51:32
Commandline: apt-get install --reinstall bash ; Start-Date: 2025-02-16  20:51:35 ; End-Date: 2025-02-16  20:51:37
Commandline: apt-get install --reinstall bsdutils ; Start-Date: 2025-02-16  20:51:39 ; End-Date: 2025-02-16  20:51:41
Commandline: apt-get install --reinstall coreutils ; Start-Date: 2025-02-16  20:51:44 ; End-Date: 2025-02-16  20:51:45
Commandline: apt-get install --reinstall dash ; Start-Date: 2025-02-16  20:51:48 ; End-Date: 2025-02-16  20:51:49
Commandline: apt-get install --reinstall debconf ; Start-Date: 2025-02-16  20:51:52 ; End-Date: 2025-02-16  20:51:53
Commandline: apt-get install --reinstall debianutils ; Start-Date: 2025-02-16  20:51:56 ; End-Date: 2025-02-16  20:51:58
Commandline: apt-get install --reinstall diffutils ; Start-Date: 2025-02-16  20:52:00 ; End-Date: 2025-02-16  20:52:02
Commandline: apt-get install --reinstall dpkg ; Start-Date: 2025-02-16  20:52:04 ; End-Date: 2025-02-16  20:52:06
Commandline: apt-get install --reinstall e2fsprogs ; Start-Date: 2025-02-16  20:52:09 ; End-Date: 2025-02-16  20:52:10
Commandline: apt-get install --reinstall findutils ; Start-Date: 2025-02-16  20:52:13 ; End-Date: 2025-02-16  20:52:14
Commandline: apt-get install --reinstall gcc-14-base:amd64 ; Start-Date: 2025-02-16  20:52:17 ; End-Date: 2025-02-16  20:52:18
Commandline: apt-get install --reinstall gpgv ; Start-Date: 2025-02-16  20:52:21 ; End-Date: 2025-02-16  20:52:23
Commandline: apt-get install --reinstall grep ; Start-Date: 2025-02-16  20:52:25 ; End-Date: 2025-02-16  20:52:27
Commandline: apt-get install --reinstall gzip ; Start-Date: 2025-02-16  20:52:29 ; End-Date: 2025-02-16  20:52:31
Commandline: apt-get install --reinstall hostname ; Start-Date: 2025-02-16  20:52:34 ; End-Date: 2025-02-16  20:52:35
Commandline: apt-get install --reinstall init-system-helpers ; Start-Date: 2025-02-16  20:52:38 ; End-Date: 2025-02-16  20:52:39
Commandline: apt-get install --reinstall libacl1:amd64 ; Start-Date: 2025-02-16  20:52:42 ; End-Date: 2025-02-16  20:52:43
Commandline: apt-get install --reinstall libapt-pkg6.0t64:amd64 ; Start-Date: 2025-02-16  20:52:46 ; End-Date: 2025-02-16  20:52:47
Commandline: apt-get install --reinstall libassuan0:amd64 ; Start-Date: 2025-02-16  20:52:50 ; End-Date: 2025-02-16  20:52:51
Commandline: apt-get install --reinstall libattr1:amd64 ; Start-Date: 2025-02-16  20:52:54 ; End-Date: 2025-02-16  20:52:56
Commandline: apt-get install --reinstall libaudit-common ; Start-Date: 2025-02-16  20:52:58 ; End-Date: 2025-02-16  20:53:00
Commandline: apt-get install --reinstall libaudit1:amd64 ; Start-Date: 2025-02-16  20:53:02 ; End-Date: 2025-02-16  20:53:04
Commandline: apt-get install --reinstall libblkid1:amd64 ; Start-Date: 2025-02-16  20:53:06 ; End-Date: 2025-02-16  20:53:08
Commandline: apt-get install --reinstall libbz2-1.0:amd64 ; Start-Date: 2025-02-16  20:53:11 ; End-Date: 2025-02-16  20:53:12
Commandline: apt-get install --reinstall libc-bin ; Start-Date: 2025-02-16  20:53:15 ; End-Date: 2025-02-16  20:53:17
Commandline: apt-get install --reinstall libc6:amd64 ; Start-Date: 2025-02-16  20:53:19 ; End-Date: 2025-02-16  20:53:22
Commandline: apt-get install --reinstall libcap-ng0:amd64 ; Start-Date: 2025-02-16  20:53:25 ; End-Date: 2025-02-16  20:53:26
Commandline: apt-get install --reinstall libcap2:amd64 ; Start-Date: 2025-02-16  20:53:29 ; End-Date: 2025-02-16  20:53:30
Commandline: apt-get install --reinstall libcom-err2:amd64 ; Start-Date: 2025-02-16  20:53:33 ; End-Date: 2025-02-16  20:53:34
Commandline: apt-get install --reinstall libcrypt1:amd64 ; Start-Date: 2025-02-16  20:53:37 ; End-Date: 2025-02-16  20:53:38
Commandline: apt-get install --reinstall libdebconfclient0:amd64 ; Start-Date: 2025-02-16  20:53:41 ; End-Date: 2025-02-16  20:53:42
Commandline: apt-get install --reinstall libext2fs2t64:amd64 ; Start-Date: 2025-02-16  20:53:45 ; End-Date: 2025-02-16  20:53:46
Commandline: apt-get install --reinstall libffi8:amd64 ; Start-Date: 2025-02-16  20:53:49 ; End-Date: 2025-02-16  20:53:50
Commandline: apt-get install --reinstall libgcc-s1:amd64 ; Start-Date: 2025-02-16  20:53:53 ; End-Date: 2025-02-16  20:53:54
Commandline: apt-get install --reinstall libgcrypt20:amd64 ; Start-Date: 2025-02-16  20:53:57 ; End-Date: 2025-02-16  20:53:59
Commandline: apt-get install --reinstall libgmp10:amd64 ; Start-Date: 2025-02-16  20:54:01 ; End-Date: 2025-02-16  20:54:03
Commandline: apt-get install --reinstall libgnutls30t64:amd64 ; Start-Date: 2025-02-16  20:54:05 ; End-Date: 2025-02-16  20:54:07
Commandline: apt-get install --reinstall libgpg-error0:amd64 ; Start-Date: 2025-02-16  20:54:10 ; End-Date: 2025-02-16  20:54:11
Commandline: apt-get install --reinstall libhogweed6t64:amd64 ; Start-Date: 2025-02-16  20:54:14 ; End-Date: 2025-02-16  20:54:15
Commandline: apt-get install --reinstall libidn2-0:amd64 ; Start-Date: 2025-02-16  20:54:18 ; End-Date: 2025-02-16  20:54:19
Commandline: apt-get install --reinstall liblz4-1:amd64 ; Start-Date: 2025-02-16  20:54:22 ; End-Date: 2025-02-16  20:54:23
Commandline: apt-get install --reinstall liblzma5:amd64 ; Start-Date: 2025-02-16  20:54:26 ; End-Date: 2025-02-16  20:54:27
Commandline: apt-get install --reinstall libmd0:amd64 ; Start-Date: 2025-02-16  20:54:30 ; End-Date: 2025-02-16  20:54:32
Commandline: apt-get install --reinstall libmount1:amd64 ; Start-Date: 2025-02-16  20:54:34 ; End-Date: 2025-02-16  20:54:36
Commandline: apt-get install --reinstall libncursesw6:amd64 ; Start-Date: 2025-02-16  20:54:38 ; End-Date: 2025-02-16  20:54:39
Commandline: apt-get install --reinstall libnettle8t64:amd64 ; Start-Date: 2025-02-16  20:54:42 ; End-Date: 2025-02-16  20:54:43
Commandline: apt-get install --reinstall libnpth0t64:amd64 ; Start-Date: 2025-02-16  20:54:46 ; End-Date: 2025-02-16  20:54:48
Commandline: apt-get install --reinstall libp11-kit0:amd64 ; Start-Date: 2025-02-16  20:54:50 ; End-Date: 2025-02-16  20:54:52
Commandline: apt-get install --reinstall libpam-modules:amd64 ; Start-Date: 2025-02-16  20:54:54 ; End-Date: 2025-02-16  20:54:56
Commandline: apt-get install --reinstall libpam-modules-bin ; Start-Date: 2025-02-16  20:54:58 ; End-Date: 2025-02-16  20:55:00
Commandline: apt-get install --reinstall libpam-runtime ; Start-Date: 2025-02-16  20:55:03 ; End-Date: 2025-02-16  20:55:04
Commandline: apt-get install --reinstall libpam0g:amd64 ; Start-Date: 2025-02-16  20:55:07 ; End-Date: 2025-02-16  20:55:08
Commandline: apt-get install --reinstall libpcre2-8-0:amd64 ; Start-Date: 2025-02-16  20:55:11 ; End-Date: 2025-02-16  20:55:12
Commandline: apt-get install --reinstall libproc2-0:amd64 ; Start-Date: 2025-02-16  20:55:15 ; End-Date: 2025-02-16  20:55:16
Commandline: apt-get install --reinstall libseccomp2:amd64 ; Start-Date: 2025-02-16  20:55:19 ; End-Date: 2025-02-16  20:55:20
Commandline: apt-get install --reinstall libselinux1:amd64 ; Start-Date: 2025-02-16  20:55:23 ; End-Date: 2025-02-16  20:55:24
Commandline: apt-get install --reinstall libsemanage-common ; Start-Date: 2025-02-16  20:55:27 ; End-Date: 2025-02-16  20:55:28
Commandline: apt-get install --reinstall libsemanage2:amd64 ; Start-Date: 2025-02-16  20:55:31 ; End-Date: 2025-02-16  20:55:32
Commandline: apt-get install --reinstall libsepol2:amd64 ; Start-Date: 2025-02-16  20:55:35 ; End-Date: 2025-02-16  20:55:36
Commandline: apt-get install --reinstall libsmartcols1:amd64 ; Start-Date: 2025-02-16  20:55:38 ; End-Date: 2025-02-16  20:55:40
Commandline: apt-get install --reinstall libss2:amd64 ; Start-Date: 2025-02-16  20:55:42 ; End-Date: 2025-02-16  20:55:44
Commandline: apt-get install --reinstall libssl3t64:amd64 ; Start-Date: 2025-02-16  20:55:46 ; End-Date: 2025-02-16  20:55:48
Commandline: apt-get install --reinstall libstdc++6:amd64 ; Start-Date: 2025-02-16  20:55:51 ; End-Date: 2025-02-16  20:55:52
Commandline: apt-get install --reinstall libsystemd0:amd64 ; Start-Date: 2025-02-16  20:55:55 ; End-Date: 2025-02-16  20:55:56
Commandline: apt-get install --reinstall libtasn1-6:amd64 ; Start-Date: 2025-02-16  20:55:59 ; End-Date: 2025-02-16  20:56:00
Commandline: apt-get install --reinstall libtinfo6:amd64 ; Start-Date: 2025-02-16  20:56:03 ; End-Date: 2025-02-16  20:56:04
Commandline: apt-get install --reinstall libudev1:amd64 ; Start-Date: 2025-02-16  20:56:07 ; End-Date: 2025-02-16  20:56:08
Commandline: apt-get install --reinstall libunistring5:amd64 ; Start-Date: 2025-02-16  20:56:11 ; End-Date: 2025-02-16  20:56:13
Commandline: apt-get install --reinstall libuuid1:amd64 ; Start-Date: 2025-02-16  20:56:15 ; End-Date: 2025-02-16  20:56:17
Commandline: apt-get install --reinstall libxxhash0:amd64 ; Start-Date: 2025-02-16  20:56:19 ; End-Date: 2025-02-16  20:56:21
Commandline: apt-get install --reinstall libzstd1:amd64 ; Start-Date: 2025-02-16  20:56:23 ; End-Date: 2025-02-16  20:56:25
Commandline: apt-get install --reinstall login ; Start-Date: 2025-02-16  20:56:28 ; End-Date: 2025-02-16  20:56:29
Commandline: apt-get install --reinstall logsave ; Start-Date: 2025-02-16  20:56:32 ; End-Date: 2025-02-16  20:56:33
Commandline: apt-get install --reinstall mawk ; Start-Date: 2025-02-16  20:56:36 ; End-Date: 2025-02-16  20:56:37
Commandline: apt-get install --reinstall mount ; Start-Date: 2025-02-16  20:56:39 ; End-Date: 2025-02-16  20:56:41
Commandline: apt-get install --reinstall ncurses-base ; Start-Date: 2025-02-16  20:56:43 ; End-Date: 2025-02-16  20:56:45
Commandline: apt-get install --reinstall ncurses-bin ; Start-Date: 2025-02-16  20:56:47 ; End-Date: 2025-02-16  20:56:49
Commandline: apt-get install --reinstall passwd ; Start-Date: 2025-02-16  20:56:52 ; End-Date: 2025-02-16  20:56:53
Commandline: apt-get install --reinstall perl-base ; Start-Date: 2025-02-16  20:56:55 ; End-Date: 2025-02-16  20:56:57
Commandline: apt-get install --reinstall procps ; Start-Date: 2025-02-16  20:57:00 ; End-Date: 2025-02-16  20:57:01
Commandline: apt-get install --reinstall sed ; Start-Date: 2025-02-16  20:57:04 ; End-Date: 2025-02-16  20:57:05
Commandline: apt-get install --reinstall sensible-utils ; Start-Date: 2025-02-16  20:57:08 ; End-Date: 2025-02-16  20:57:09
Commandline: apt-get install --reinstall sysvinit-utils ; Start-Date: 2025-02-16  20:57:12 ; End-Date: 2025-02-16  20:57:13
Commandline: apt-get install --reinstall tar ; Start-Date: 2025-02-16  20:57:16 ; End-Date: 2025-02-16  20:57:17
Commandline: apt-get install --reinstall ubuntu-keyring ; Start-Date: 2025-02-16  20:57:20 ; End-Date: 2025-02-16  20:57:21
Commandline: apt-get install --reinstall util-linux ; Start-Date: 2025-02-16  20:57:24 ; End-Date: 2025-02-16  20:57:26
Commandline: apt-get install --reinstall zlib1g:amd64 ; Start-Date: 2025-02-16  20:57:28 ; End-Date: 2025-02-16  20:57:30
Commandline: apt-get --yes -oDebug::pkgDepCache::AutoInstall=yes --force-yes upgrade ; Start-Date: 2025-02-16  20:57:34 ; End-Date: 2025-02-16  20:57:38
Commandline: apt-get --yes -oDebug::pkgDepCache::AutoInstall=yes --force-yes dist-upgrade ; Start-Date: 2025-02-16  20:57:39 ; End-Date: 2025-02-16  20:57:39
Commandline: apt-get --yes -oDebug::pkgDepCache::AutoInstall=yes install adduser apparmor apport apport-core-dump-handler apt base-passwd bcache-tools btrfs-progs busybox-initramfs ca-certificates cloud-guest-utils cloud-init coreutils cpio cryptsetup cryptsetup-bin curl dbus dbus-bin dbus-daemon dbus-session-bus-common dbus-system-bus-common dbus-user-session debconf dhcpcd-base distro-info-data dmeventd dmsetup dpkg dracut-install e2fsprogs ethtool fdisk fuse3 gawk gcc-14-base gettext-base gir1.2-girepository-2.0 gir1.2-glib-2.0 gpgv init-system-helpers initramfs-tools initramfs-tools-bin initramfs-tools-core iproute2 klibc-utils kmod kpartx libacl1 libaio1t64 libapparmor1 libapt-pkg6.0t64 libargon2-1 libassuan0 libattr1 libaudit-common libaudit1 libblkid1 libbpf1 libbrotli1 libbsd0 libbz2-1.0 libc6 libcap-ng0 libcap2 libcap2-bin libcbor0.10 libcom-err2 libcrypt1 libcryptsetup12 libcurl4t64 libdb5.3t64 libdbus-1-3 libdebconfclient0 libdevmapper-event1.02.1 libdevmapper1.02.1 libdrm-common libdrm2 libedit2 libelf1t64 libexpat1 libext2fs2t64 libfdisk1 libffi8 libfido2-1 libfuse3-3 libgcc-s1 libgcrypt20 libgdbm-compat4t64 libgdbm6t64 libgirepository-1.0-1 libglib2.0-0t64 libgmp10 libgnutls30t64 libgpg-error0 libgssapi-krb5-2 libhogweed6t64 libicu74 libidn2-0 libinih1 libintl-perl libisns0t64 libjson-c5 libk5crypto3 libkeyutils1 libklibc libkmod2 libkrb5-3 libkrb5support0 libldap2 liblvm2cmd2.03 liblz4-1 liblzma5 liblzo2-2 libmd0 libmnl0 libmodule-find-perl libmodule-scandeps-perl libmount1 libmpfr6 libncursesw6 libnetplan1 libnettle8t64 libnghttp2-14 libnpth0t64 libopeniscsiusr libp11-kit0 libpam-modules libpam-modules-bin libpam-runtime libpam-systemd libpam0g libpci3 libpcre2-8-0 libperl5.38t64 libpopt0 libproc-processtable-perl libproc2-0 libpsl5t64 libpython3-stdlib libpython3.12-minimal libpython3.12-stdlib libreadline8t64 libreiserfscore0t64 librtmp1 libsasl2-2 libsasl2-modules-db libseccomp2 libselinux1 libsemanage-common libsemanage2 libsepol2 libsgutils2-1.46-2 libsigsegv2 libsmartcols1 libsort-naturally-perl libsqlite3-0 libss2 libssh-4 libssl3t64 libstdc++6 libsystemd-shared libsystemd0 libtasn1-6 libterm-readkey-perl libtinfo6 libtirpc-common libtirpc3t64 libudev1 libunistring5 liburcu8t64 libusb-1.0-0 libuuid1 libxtables12 libxxhash0 libyaml-0-2 libzstd1 linux-base logsave lsb-base lsb-release lvm2 mdadm media-types mount multipath-tools needrestart netbase netplan-generator netplan.io open-iscsi openssh-client openssl passwd pci.ids pciutils perl perl-base perl-modules-5.38 pollinate procps python-apt-common python3 python3-apport python3-apt python3-attr python3-blinker python3-certifi python3-cffi-backend python3-chardet python3-click python3-colorama python3-configobj python3-cryptography python3-dbus python3-debconf python3-distro python3-distro-info python3-distupgrade python3-gi python3-httplib2 python3-idna python3-jinja2 python3-json-pointer python3-jsonpatch python3-jsonschema python3-jwt python3-launchpadlib python3-lazr.restfulclient python3-lazr.uri python3-markupsafe python3-minimal python3-netplan python3-oauthlib python3-pkg-resources python3-problem-report python3-pyparsing python3-pyrsistent python3-requests python3-serial python3-six python3-update-manager python3-urllib3 python3-wadllib python3-xkit python3-yaml python3.12 python3.12-minimal readline-common sed sensible-utils sg3-utils sg3-utils-udev snapd squashfs-tools sudo systemd systemd-dev systemd-resolved systemd-sysv sysvinit-utils tar tzdata ubuntu-drivers-common ubuntu-keyring ubuntu-release-upgrader-core ubuntu-server-minimal ucf udev unattended-upgrades unminimize usbutils xfsprogs xxd xz-utils zlib1g lxd-installer ; Start-Date: 2025-02-16  20:57:42 ; End-Date: 2025-02-16  20:58:20
Commandline: apt-get install --reinstall -y gdisk zstd unattended-upgrades xfsprogs multipath-tools kpartx cloud-init squashfs-tools sg3-utils pollinate packagekit-tools polkitd xml-core needrestart mdadm lvm2 libterm-readkey-perl libsort-naturally-perl libproc-processtable-perl:amd64 libmodule-scandeps-perl libmodule-find-perl libldap-common libintl-xs-perl libintl-perl libglib2.0-bin gpg-wks-client gnupg keyboxd gpgsm gpg-agent pinentry-curses gpg gnupg-utils finalrd fdisk eatmydata dmeventd dirmngr gpgconf curl initramfs-tools linux-base initramfs-tools-core cryptsetup cryptsetup-bin btrfs-progs bcache-tools appstream libsasl2-2:amd64 xz-utils xauth ubuntu-release-upgrader-core plymouth openssh-client libx11-data libedit2:amd64 groff-base gettext-base fuse3 cpio apparmor xxd xdg-user-dirs ucf systemd-timesyncd systemd-resolved sudo shared-mime-info python3-pygments networkd-dispatcher netplan.io cloud-guest-utils thin-provisioning-tools software-properties-common snapd iproute2 libcap2-bin libtirpc-common libpam-systemd:amd64 coreutils ncurses-bin mawk libsemanage-common bash base-passwd tar sysvinit-utils sensible-utils sed apt init-system-helpers hostname gzip grep gpgv findutils diffutils debconf debianutils dash adduser kmod usbutils pciutils sgml-base perl libperl5.38t64:amd64 dmsetup dhcpcd-base open-iscsi udev gawk python3-chardet lsb-release dbus-daemon dbus-bin systemd-sysv systemd python3 python3.12 readline-common ethtool netplan-generator libpam-cap:amd64 libnss-systemd:amd64 console-setup keyboard-configuration xkb-data liblocale-gettext-perl kbd ca-certificates openssl libpam-modules:amd64 python3-minimal python3.12-minimal procps passwd libpam-modules-bin logsave libpam-runtime libaudit-common mount e2fsprogs util-linux perl-base bsdutils apport libc-bin base-files login dpkg ; Start-Date: 2025-02-16  20:58:40 ; End-Date: 2025-02-16  20:59:23
Commandline: apt-get install --reinstall -y cryptsetup-initramfs dbus dbus-session-bus-common dbus-system-bus-common distro-info-data dracut-install gcc-14-base:amd64 gnupg-l10n iso-codes libapt-pkg6.0t64:amd64 libc6:amd64 libcbor0.10:amd64 libcryptsetup12:amd64 libdb5.3t64:amd64 libdbus-1-3:amd64 libexpat1:amd64 libfuse3-3:amd64 libgcrypt20:amd64 libglib2.0-0t64:amd64 libgmp10:amd64 libgnutls30t64:amd64 libgpg-error0:amd64 libidn2-0:amd64 libjson-c5:amd64 libklibc:amd64 libkrb5-3:amd64 libksba8:amd64 libldap2:amd64 liblzma5:amd64 liblzo2-2:amd64 libmpfr6:amd64 libnettle8t64:amd64 libnghttp2-14:amd64 libopeniscsiusr libp11-kit0:amd64 libpam0g:amd64 libpcre2-8-0:amd64 libpng16-16t64:amd64 libpolkit-gobject-1-0:amd64 libpopt0:amd64 libproc2-0:amd64 libpython3-stdlib:amd64 libpython3.12-minimal:amd64 libreadline8t64:amd64 libsigsegv2:amd64 libsqlite3-0:amd64 libssh-4:amd64 libstemmer0d:amd64 libsystemd-shared:amd64 libsystemd0:amd64 libtasn1-6:amd64 libtirpc3t64:amd64 libudev1:amd64 libusb-1.0-0:amd64 libxml2:amd64 libxtables12:amd64 lsb-base ncurses-base packagekit perl-modules-5.38 publicsuffix python3-babel python3-certifi python3-colorama python3-dbus python3-gi python3-httplib2 python3-json-pointer python3-jsonpatch python3-jwt python3-launchpadlib python3-lazr.restfulclient python3-lazr.uri python3-markdown-it python3-oauthlib python3-pkg-resources python3-requests python3-rich python3-serial python3-software-properties python3-tz python3-wadllib python3-yaml systemd-dev tzdata ubuntu-drivers-common ; Start-Date: 2025-02-16  20:59:26 ; End-Date: 2025-02-16  20:59:43
Commandline: apt-get install -y ubuntu-minimal ubuntu-standard ; Start-Date: 2025-02-16  20:59:50 ; End-Date: 2025-02-16  21:00:01
Commandline: apt-get -y --fix-policy install ; Start-Date: 2025-02-16  21:00:04 ; End-Date: 2025-02-16  21:00:04
Commandline: apt-get --yes -oDebug::pkgDepCache::AutoInstall=yes install adduser apparmor apport apport-core-dump-handler apport-symptoms appstream apt apt-utils base-files base-passwd bash bash-completion bc bcache-tools bind9-dnsutils bind9-host bind9-libs bolt bsdextrautils bsdutils btrfs-progs busybox-initramfs busybox-static byobu ca-certificates cloud-guest-utils cloud-initramfs-copymods cloud-initramfs-dyn-netconf command-not-found console-setup console-setup-linux coreutils cpio cron cron-daemon-common cryptsetup cryptsetup-bin cryptsetup-initramfs curl dash dbus dbus-bin dbus-daemon dbus-session-bus-common dbus-system-bus-common dbus-user-session debconf debconf-i18n debianutils dhcpcd-base diffutils dirmngr distro-info distro-info-data dmeventd dmidecode dmsetup dosfstools dpkg dracut-install e2fsprogs ed eject ethtool fdisk file finalrd findutils fonts-ubuntu-console friendly-recovery ftp fuse3 fwupd fwupd-signed gawk gcc-14-base gdisk gettext-base gir1.2-girepository-2.0 gir1.2-glib-2.0 gir1.2-packagekitglib-1.0 git git-man gnupg gnupg-l10n gnupg-utils gpg gpg-agent gpg-wks-client gpgconf gpgsm gpgv grep groff-base gzip hdparm hostname htop ibverbs-providers inetutils-telnet info init init-system-helpers initramfs-tools initramfs-tools-bin initramfs-tools-core install-info iproute2 iptables iputils-ping iputils-tracepath iso-codes jq kbd keyboard-configuration keyboxd klibc-utils kmod kpartx krb5-locales landscape-common less libacl1 libaio1t64 libapparmor1 libappstream5 libapt-pkg6.0t64 libarchive13t64 libargon2-1 libassuan0 libatasmart4 libatm1t64 libattr1 libaudit-common libaudit1 libblkid1 libblockdev-crypto3 libblockdev-fs3 libblockdev-loop3 libblockdev-mdraid3 libblockdev-nvme3 libblockdev-part3 libblockdev-swap3 libblockdev-utils3 libblockdev3 libbpf1 libbrotli1 libbsd0 libbytesize-common libbytesize1 libbz2-1.0 libc-bin libc6 libcap-ng0 libcap2 libcap2-bin libcbor0.10 libcom-err2 libcrypt1 libcryptsetup12 libcurl3t64-gnutls libcurl4t64 libdb5.3t64 libdbus-1-3 libdebconfclient0 libdevmapper-event1.02.1 libdevmapper1.02.1 libdrm-common libdrm2 libduktape207 libdw1t64 libedit2 libelf1t64 liberror-perl libestr0 libevdev2 libevent-core-2.1-7t64 libexpat1 libext2fs2t64 libfastjson4 libfdisk1 libffi8 libfido2-1 libflashrom1 libfribidi0 libftdi1-2 libfuse3-3 libfwupd2 libgcc-s1 libgcrypt20 libgdbm-compat4t64 libgdbm6t64 libgirepository-1.0-1 libglib2.0-0t64 libglib2.0-bin libglib2.0-data libgmp10 libgnutls30t64 libgpg-error0 libgpgme11t64 libgpm2 libgssapi-krb5-2 libgstreamer1.0-0 libgudev-1.0-0 libgusb2 libhogweed6t64 libibverbs1 libicu74 libidn2-0 libinih1 libintl-perl libintl-xs-perl libip4tc2 libip6tc2 libisns0t64 libjansson4 libjcat1 libjq1 libjson-c5 libjson-glib-1.0-0 libjson-glib-1.0-common libk5crypto3 libkeyutils1 libklibc libkmod2 libkrb5-3 libkrb5support0 libksba8 libldap-common libldap2 liblmdb0 liblocale-gettext-perl liblvm2cmd2.03 liblz4-1 liblzma5 liblzo2-2 libmagic-mgc libmagic1t64 libmaxminddb0 libmbim-glib4 libmbim-proxy libmbim-utils libmd0 libmm-glib0 libmnl0 libmodule-find-perl libmodule-scandeps-perl libmount1 libmpfr6 libmspack0t64 libncurses6 libncursesw6 libnetfilter-conntrack3 libnetplan1 libnettle8t64 libnewt0.52 libnfnetlink0 libnftables1 libnftnl11 libnghttp2-14 libnl-3-200 libnl-genl-3-200 libnl-route-3-200 libnpth0t64 libnspr4 libnss-systemd libnss3 libntfs-3g89t64 libnuma1 libnvme1t64 libonig5 libopeniscsiusr libp11-kit0 libpackagekit-glib2-18 libpam-cap libpam-modules libpam-modules-bin libpam-runtime libpam-systemd libpam0g libparted2t64 libpcap0.8t64 libpci3 libpcre2-8-0 libperl5.38t64 libpipeline1 libplymouth5 libpng16-16t64 libpolkit-agent-1-0 libpolkit-gobject-1-0 libpopt0 libproc-processtable-perl libproc2-0 libprotobuf-c1 libpsl5t64 libpython3-stdlib libpython3.12-minimal libpython3.12-stdlib libpython3.12t64 libqmi-glib5 libqmi-proxy libqmi-utils libqrtr-glib0 libreadline8t64 libreiserfscore0t64 librtmp1 libsasl2-2 libsasl2-modules libsasl2-modules-db libseccomp2 libselinux1 libsemanage-common libsemanage2 libsensors-config libsensors5 libsepol2 libsgutils2-1.46-2 libsigsegv2 libslang2 libsmartcols1 libsodium23 libsort-naturally-perl libsqlite3-0 libss2 libssh-4 libssl3t64 libstdc++6 libstemmer0d libsystemd-shared libsystemd0 libtasn1-6 libtcl8.6 libterm-readkey-perl libtext-charwidth-perl libtext-iconv-perl libtext-wrapi18n-perl libtinfo6 libtirpc-common libtirpc3t64 libtraceevent1 libtraceevent1-plugin libtracefs1 libtss2-esys-3.0.2-0t64 libtss2-mu-4.0.1-0t64 libtss2-sys1t64 libtss2-tcti-cmd0t64 libtss2-tcti-device0t64 libtss2-tcti-mssim0t64 libtss2-tcti-swtpm0t64 libuchardet0 libudev1 libudisks2-0 libunistring5 libunwind8 liburcu8t64 libusb-1.0-0 libutempter0 libuuid1 libuv1t64 libvolume-key1 libx11-6 libx11-data libxau6 libxcb1 libxdmcp6 libxext6 libxkbcommon0 libxml2 libxmlb2 libxmlsec1t64 libxmlsec1t64-openssl libxmuu1 libxslt1.1 libxtables12 libxxhash0 libyaml-0-2 libzstd1 linux-base locales login logrotate logsave lsb-release lshw lsof lvm2 lxd-agent-loader lxd-installer man-db manpages mawk mdadm media-types modemmanager motd-news-config mount mtr-tiny multipath-tools nano ncurses-base ncurses-bin needrestart netbase netcat-openbsd netplan-generator netplan.io networkd-dispatcher nftables ntfs-3g numactl open-iscsi open-vm-tools openssh-client openssl overlayroot packagekit packagekit-tools parted passwd pastebinit patch pci.ids pciutils perl perl-base perl-modules-5.38 pinentry-curses plymouth plymouth-theme-ubuntu-text polkitd pollinate powermgmt-base procps psmisc publicsuffix python-apt-common python3 python3-apport python3-apt python3-attr python3-automat python3-bcrypt python3-blinker python3-boto3 python3-botocore python3-certifi python3-cffi-backend python3-chardet python3-click python3-colorama python3-commandnotfound python3-configobj python3-constantly python3-cryptography python3-dateutil python3-dbus python3-debconf python3-debian python3-distro python3-distro-info python3-distupgrade python3-gdbm python3-gi python3-hamcrest python3-httplib2 python3-hyperlink python3-idna python3-incremental python3-jmespath python3-jwt python3-launchpadlib python3-lazr.restfulclient python3-lazr.uri python3-magic python3-markdown-it python3-mdurl python3-minimal python3-netifaces python3-netplan python3-newt python3-oauthlib python3-openssl python3-packaging python3-pexpect python3-pkg-resources python3-problem-report python3-ptyprocess python3-pyasn1 python3-pyasn1-modules python3-pygments python3-pyparsing python3-requests python3-rich python3-s3transfer python3-service-identity python3-setuptools python3-six python3-software-properties python3-systemd python3-twisted python3-update-manager python3-urllib3 python3-wadllib python3-yaml python3-zope.interface python3.12 python3.12-minimal readline-common rsync rsyslog run-one sbsigntool screen secureboot-db sed sensible-utils sg3-utils sg3-utils-udev sgml-base shared-mime-info snapd software-properties-common sosreport squashfs-tools strace sudo sysstat systemd systemd-dev systemd-hwe-hwdb systemd-resolved systemd-sysv systemd-timesyncd sysvinit-utils tar tcl tcl8.6 tcpdump telnet thin-provisioning-tools time tmux tnftp tpm-udev trace-cmd tzdata ubuntu-keyring ubuntu-minimal ubuntu-pro-client ubuntu-pro-client-l10n ubuntu-release-upgrader-core ubuntu-server ubuntu-standard ucf udev udisks2 ufw unattended-upgrades update-manager-core update-notifier-common usb-modeswitch usb-modeswitch-data usb.ids usbutils util-linux uuid-runtime vim vim-common vim-runtime vim-tiny wget whiptail xauth xdg-user-dirs xfsprogs xkb-data xml-core xxd xz-utils zerofree zlib1g zstd cloud-init ; Start-Date: 2025-02-16  21:00:10 ; End-Date: 2025-02-16  21:00:28
Commandline: apt-get --quiet --assume-yes --option=Dpkg::options::=--force-unsafe-io --option=Dpkg::Options::=--force-confold install grub-pc ; Start-Date: 2025-03-12  18:07:37 ; End-Date: 2025-03-12  18:08:03
Commandline: apt-get --quiet --assume-yes --option=Dpkg::options::=--force-unsafe-io --option=Dpkg::Options::=--force-confold install linux-generic ; Start-Date: 2025-03-12  18:08:37 ; End-Date: 2025-03-12  18:11:58
Commandline: apt-get --quiet --assume-yes --option=Dpkg::options::=--force-unsafe-io --option=Dpkg::Options::=--force-confold install openssh-server ; Start-Date: 2025-03-12  18:12:45 ; End-Date: 2025-03-12  18:13:11
Commandline: /usr/bin/unattended-upgrades -v ; Start-Date: 2025-03-12  18:13:21 ; End-Date: 2025-03-12  18:14:11
Commandline: apt dist-upgrade ; Start-Date: 2025-03-12  18:19:08 ; End-Date: 2025-03-12  18:21:04
Commandline: apt install vim qemu-guest-agent ; Start-Date: 2025-03-12  18:21:23 ; End-Date: 2025-03-12  18:21:31
Commandline: /usr/bin/unattended-upgrade ; Start-Date: 2026-03-13  06:01:45 ; End-Date: 2026-03-13  06:02:11
Commandline: /usr/bin/unattended-upgrade ; Start-Date: 2026-03-13  06:02:20 ; End-Date: 2026-03-13  06:04:54
Commandline: /usr/bin/unattended-upgrade ; Start-Date: 2026-03-13  06:04:57 ; End-Date: 2026-03-13  06:05:39
Commandline: /usr/bin/unattended-upgrade ; Start-Date: 2026-03-13  06:05:41 ; End-Date: 2026-03-13  06:05:56
Commandline: /usr/bin/unattended-upgrade ; Start-Date: 2026-03-13  06:05:58 ; End-Date: 2026-03-13  06:07:52
Commandline: /usr/bin/unattended-upgrade ; Start-Date: 2026-03-13  06:07:53 ; End-Date: 2026-03-13  06:08:37
Commandline: /usr/bin/unattended-upgrade ; Start-Date: 2026-03-13  06:08:39 ; End-Date: 2026-03-13  06:08:56
Commandline: /usr/bin/unattended-upgrade ; Start-Date: 2026-03-13  06:08:58 ; End-Date: 2026-03-13  06:10:01
Commandline: /usr/bin/unattended-upgrade ; Start-Date: 2026-03-13  06:10:04 ; End-Date: 2026-03-13  06:11:00
Commandline: /usr/bin/unattended-upgrade ; Start-Date: 2026-03-13  06:11:02 ; End-Date: 2026-03-13  06:12:08
Commandline: /usr/bin/unattended-upgrade ; Start-Date: 2026-03-13  06:12:15 ; End-Date: 2026-03-13  06:12:29
Commandline: /usr/bin/unattended-upgrade ; Start-Date: 2026-03-13  06:12:32 ; End-Date: 2026-03-13  06:13:10
Commandline: /usr/bin/unattended-upgrade ; Start-Date: 2026-03-13  06:13:12 ; End-Date: 2026-03-13  06:14:06
Commandline: /usr/bin/unattended-upgrade ; Start-Date: 2026-03-13  06:14:09 ; End-Date: 2026-03-13  06:14:29
Commandline: /usr/bin/unattended-upgrade ; Start-Date: 2026-03-13  06:14:33 ; End-Date: 2026-03-13  06:15:37
Commandline: /usr/bin/unattended-upgrade ; Start-Date: 2026-03-13  06:15:41 ; End-Date: 2026-03-13  06:16:04
Commandline: /usr/bin/unattended-upgrade ; Start-Date: 2026-03-13  06:16:06 ; End-Date: 2026-03-13  06:16:39
Commandline: /usr/bin/unattended-upgrade ; Start-Date: 2026-03-13  06:16:43 ; End-Date: 2026-03-13  06:17:42
Commandline: /usr/bin/unattended-upgrade ; Start-Date: 2026-03-13  06:17:48 ; End-Date: 2026-03-13  06:19:42
Commandline: /usr/bin/unattended-upgrade ; Start-Date: 2026-03-13  06:19:44 ; End-Date: 2026-03-13  06:20:52
Commandline: /usr/bin/unattended-upgrade ; Start-Date: 2026-03-13  06:20:56 ; End-Date: 2026-03-13  06:21:35
Commandline: /usr/bin/unattended-upgrade ; Start-Date: 2026-03-13  06:21:37 ; End-Date: 2026-03-13  06:21:55
Commandline: /usr/bin/unattended-upgrade ; Start-Date: 2026-03-13  06:21:58 ; End-Date: 2026-03-13  06:24:01
Commandline: /usr/bin/unattended-upgrade ; Start-Date: 2026-03-13  06:24:04 ; End-Date: 2026-03-13  06:24:52
Commandline: /usr/bin/unattended-upgrade ; Start-Date: 2026-03-13  06:25:03 ; End-Date: 2026-03-13  06:28:41
Commandline: /usr/bin/unattended-upgrade ; Start-Date: 2026-03-13  06:28:53 ; End-Date: 2026-03-13  06:30:41
Commandline: /usr/bin/unattended-upgrade ; Start-Date: 2026-03-13  06:30:46 ; End-Date: 2026-03-13  06:31:52
Commandline: /usr/bin/unattended-upgrade ; Start-Date: 2026-03-13  06:31:54 ; End-Date: 2026-03-13  06:32:22
Commandline: /usr/bin/unattended-upgrade ; Start-Date: 2026-03-13  06:32:29 ; End-Date: 2026-03-13  06:43:05
Commandline: /usr/bin/unattended-upgrade ; Start-Date: 2026-03-13  06:43:12 ; End-Date: 2026-03-13  06:44:31
Commandline: /usr/bin/unattended-upgrade ; Start-Date: 2026-03-13  06:44:36 ; End-Date: 2026-03-13  06:45:34
Commandline: /usr/bin/unattended-upgrade ; Start-Date: 2026-03-13  06:45:37 ; End-Date: 2026-03-13  06:45:58
Commandline: /usr/bin/unattended-upgrade ; Start-Date: 2026-03-13  06:46:02 ; End-Date: 2026-03-13  06:47:10
Commandline: /usr/bin/unattended-upgrade ; Start-Date: 2026-03-13  06:47:14 ; End-Date: 2026-03-13  06:48:13
Commandline: /usr/bin/unattended-upgrade ; Start-Date: 2026-03-13  06:48:17 ; End-Date: 2026-03-13  06:50:20
Commandline: /usr/bin/unattended-upgrade ; Start-Date: 2026-03-13  06:50:25 ; End-Date: 2026-03-13  06:52:25
Commandline: /usr/bin/unattended-upgrade ; Start-Date: 2026-03-13  06:52:31 ; End-Date: 2026-03-13  06:53:26
Commandline: /usr/bin/unattended-upgrade ; Start-Date: 2026-03-13  06:53:35 ; End-Date: 2026-03-13  06:54:14
Commandline: /usr/bin/unattended-upgrade ; Start-Date: 2026-03-13  06:54:23 ; End-Date: 2026-03-13  06:56:44
Commandline: /usr/bin/unattended-upgrade ; Start-Date: 2026-03-13  06:56:56 ; End-Date: 2026-03-13  06:58:28
Commandline: /usr/bin/unattended-upgrade ; Start-Date: 2026-03-13  06:58:33 ; End-Date: 2026-03-13  07:02:44
Commandline: /usr/bin/unattended-upgrade ; Start-Date: 2026-03-13  07:02:49 ; End-Date: 2026-03-13  07:03:37
Commandline: /usr/bin/unattended-upgrade ; Start-Date: 2026-03-13  07:03:43 ; End-Date: 2026-03-13  07:04:38
Commandline: /usr/bin/unattended-upgrade ; Start-Date: 2026-03-13  07:04:48 ; End-Date: 2026-03-13  07:07:21
Commandline: /usr/bin/unattended-upgrade ; Start-Date: 2026-03-13  07:07:25 ; End-Date: 2026-03-13  07:07:56
Commandline: /usr/bin/unattended-upgrade ; Start-Date: 2026-03-13  07:08:11 ; End-Date: 2026-03-13  07:12:03
Commandline: /usr/bin/unattended-upgrade ; Start-Date: 2026-03-13  07:12:10 ; End-Date: 2026-03-13  07:13:03
Commandline: /usr/bin/unattended-upgrade ; Start-Date: 2026-03-13  07:13:08 ; End-Date: 2026-03-13  07:14:48
Commandline: /usr/bin/unattended-upgrade ; Start-Date: 2026-03-13  07:14:51 ; End-Date: 2026-03-13  07:17:20
Commandline: /usr/bin/unattended-upgrade ; Start-Date: 2026-03-13  07:17:25 ; End-Date: 2026-03-13  07:18:21
Commandline: /usr/bin/unattended-upgrade ; Start-Date: 2026-03-13  07:18:26 ; End-Date: 2026-03-13  07:21:18
Commandline: /usr/bin/unattended-upgrade ; Start-Date: 2026-03-13  07:21:23 ; End-Date: 2026-03-13  07:22:04
Commandline: /usr/bin/unattended-upgrade ; Start-Date: 2026-03-13  07:22:10 ; End-Date: 2026-03-13  07:23:14
Commandline: /usr/bin/unattended-upgrade ; Start-Date: 2026-03-13  07:23:22 ; End-Date: 2026-03-13  07:24:29
Commandline: /usr/bin/unattended-upgrade ; Start-Date: 2026-03-13  07:24:35 ; End-Date: 2026-03-13  07:25:13
Commandline: /usr/bin/unattended-upgrade ; Start-Date: 2026-03-13  07:25:17 ; End-Date: 2026-03-13  07:26:06
Commandline: /usr/bin/unattended-upgrade ; Start-Date: 2026-03-13  07:26:10 ; End-Date: 2026-03-13  07:27:10
Commandline: /usr/bin/unattended-upgrade ; Start-Date: 2026-03-13  07:27:22 ; End-Date: 2026-03-13  07:30:10
Commandline: /usr/bin/unattended-upgrade ; Start-Date: 2026-03-13  07:30:16 ; End-Date: 2026-03-13  07:31:10
Commandline: /usr/bin/unattended-upgrade ; Start-Date: 2026-03-14  06:49:30 ; End-Date: 2026-03-14  06:51:19
Commandline: /usr/bin/unattended-upgrade ; Start-Date: 2026-03-14  06:51:23 ; End-Date: 2026-03-14  06:51:37
Commandline: /usr/bin/unattended-upgrade ; Start-Date: 2026-03-14  06:51:40 ; End-Date: 2026-03-14  06:52:20
Commandline: /usr/bin/unattended-upgrade ; Start-Date: 2026-03-15  06:22:29 ; End-Date: 2026-03-15  06:26:51
Commandline: /usr/bin/unattended-upgrade ; Start-Date: 2026-03-15  06:26:54 ; End-Date: 2026-03-15  06:27:08
Commandline: /usr/bin/unattended-upgrade ; Start-Date: 2026-03-15  06:27:10 ; End-Date: 2026-03-15  06:27:28
Commandline: /usr/bin/unattended-upgrade ; Start-Date: 2026-03-15  06:27:31 ; End-Date: 2026-03-15  06:27:38
Commandline: /usr/bin/unattended-upgrade ; Start-Date: 2026-03-15  06:27:40 ; End-Date: 2026-03-15  06:27:45
Commandline: apt install bzip2 p7zip-full -y ; Start-Date: 2026-03-16  11:51:39 ; End-Date: 2026-03-16  11:51:46